layer 0: 89 cold experts
layer 1: 89 cold experts
layer 2: 89 cold experts
layer 3: 89 cold experts
layer 4: 89 cold experts
layer 5: 89 cold experts
layer 6: 89 cold experts
layer 7: 89 cold experts
layer 8: 89 cold experts
layer 9: 89 cold experts
layer 10: 89 cold experts
layer 11: 89 cold experts
layer 12: 89 cold experts
layer 13: 89 cold experts
layer 14: 89 cold experts
layer 15: 89 cold experts
layer 16: 89 cold experts
layer 17: 89 cold experts
layer 18: 89 cold experts
layer 19: 89 cold experts
layer 20: 89 cold experts
layer 21: 89 cold experts
layer 22: 89 cold experts
layer 23: 89 cold experts
layer 24: 89 cold experts
layer 25: 89 cold experts
layer 26: 89 cold experts
layer 27: 89 cold experts
layer 28: 89 cold experts
layer 29: 89 cold experts
layer 30: 89 cold experts
layer 31: 89 cold experts
layer 32: 89 cold experts
layer 33: 89 cold experts
layer 34: 89 cold experts
layer 35: 89 cold experts
layer 36: 89 cold experts
layer 37: 89 cold experts
layer 38: 89 cold experts
layer 39: 89 cold experts
loaded 66.9 GB of cold experts in 24s
serving
served 500 cold layer calls, mean 3800.5 us
served 1000 cold layer calls, mean 2090.3 us
served 1500 cold layer calls, mean 1417.9 us
served 2000 cold layer calls, mean 1082.2 us
served 2500 cold layer calls, mean 917.1 us
served 3000 cold layer calls, mean 786.0 us
served 3500 cold layer calls, mean 685.4 us
served 4000 cold layer calls, mean 611.1 us
served 4500 cold layer calls, mean 552.2 us
served 5000 cold layer calls, mean 506.7 us
served 5500 cold layer calls, mean 469.8 us
served 6000 cold layer calls, mean 438.8 us
served 6500 cold layer calls, mean 413.0 us
served 7000 cold layer calls, mean 395.2 us
served 7500 cold layer calls, mean 375.2 us
served 8000 cold layer calls, mean 357.8 us
served 8500 cold layer calls, mean 342.5 us
served 9000 cold layer calls, mean 330.7 us
served 9500 cold layer calls, mean 317.6 us
served 10000 cold layer calls, mean 306.0 us
served 10500 cold layer calls, mean 295.5 us
served 11000 cold layer calls, mean 286.1 us
served 11500 cold layer calls, mean 279.4 us
served 12000 cold layer calls, mean 271.1 us
served 12500 cold layer calls, mean 263.7 us
served 13000 cold layer calls, mean 256.8 us
served 13500 cold layer calls, mean 250.5 us
served 14000 cold layer calls, mean 246.3 us
served 14500 cold layer calls, mean 241.1 us
served 15000 cold layer calls, mean 236.2 us
served 15500 cold layer calls, mean 231.8 us
served 16000 cold layer calls, mean 227.7 us
served 16500 cold layer calls, mean 223.9 us
served 17000 cold layer calls, mean 221.3 us
served 17500 cold layer calls, mean 217.8 us
served 18000 cold layer calls, mean 214.4 us
served 18500 cold layer calls, mean 211.2 us
served 19000 cold layer calls, mean 208.3 us
served 19500 cold layer calls, mean 205.5 us
served 20000 cold layer calls, mean 203.4 us
served 20500 cold layer calls, mean 201.3 us
served 21000 cold layer calls, mean 198.9 us
served 21500 cold layer calls, mean 196.8 us
served 22000 cold layer calls, mean 194.7 us
served 22500 cold layer calls, mean 192.8 us
served 23000 cold layer calls, mean 191.1 us
served 23500 cold layer calls, mean 189.5 us
served 24000 cold layer calls, mean 188.3 us
served 24500 cold layer calls, mean 186.6 us
served 25000 cold layer calls, mean 185.0 us
served 25500 cold layer calls, mean 183.4 us
served 26000 cold layer calls, mean 182.0 us
served 26500 cold layer calls, mean 180.6 us
served 27000 cold layer calls, mean 179.5 us
served 27500 cold layer calls, mean 178.5 us
served 28000 cold layer calls, mean 179.4 us
served 28500 cold layer calls, mean 177.8 us
served 29000 cold layer calls, mean 176.4 us
served 29500 cold layer calls, mean 175.0 us
served 30000 cold layer calls, mean 173.6 us
served 30500 cold layer calls, mean 172.4 us
served 31000 cold layer calls, mean 171.1 us
served 31500 cold layer calls, mean 169.9 us
served 32000 cold layer calls, mean 168.8 us
served 32500 cold layer calls, mean 167.6 us
served 33000 cold layer calls, mean 166.3 us
served 33500 cold layer calls, mean 165.1 us
served 34000 cold layer calls, mean 164.3 us
served 34500 cold layer calls, mean 163.2 us
served 35000 cold layer calls, mean 162.2 us
served 35500 cold layer calls, mean 161.2 us
served 36000 cold layer calls, mean 160.4 us
served 36500 cold layer calls, mean 159.6 us
served 37000 cold layer calls, mean 158.7 us
served 37500 cold layer calls, mean 157.9 us
served 38000 cold layer calls, mean 157.0 us
served 38500 cold layer calls, mean 156.2 us
served 39000 cold layer calls, mean 155.4 us
served 39500 cold layer calls, mean 154.7 us
served 40000 cold layer calls, mean 154.0 us
served 40500 cold layer calls, mean 153.2 us
served 41000 cold layer calls, mean 152.5 us
served 41500 cold layer calls, mean 151.8 us
served 42000 cold layer calls, mean 151.1 us
served 42500 cold layer calls, mean 150.5 us
served 43000 cold layer calls, mean 149.8 us
served 43500 cold layer calls, mean 149.2 us
served 44000 cold layer calls, mean 148.5 us
served 44500 cold layer calls, mean 147.9 us
served 45000 cold layer calls, mean 147.4 us
served 45500 cold layer calls, mean 146.9 us
served 46000 cold layer calls, mean 146.3 us
served 46500 cold layer calls, mean 145.7 us
served 47000 cold layer calls, mean 145.2 us
served 47500 cold layer calls, mean 144.6 us
served 48000 cold layer calls, mean 144.1 us
served 48500 cold layer calls, mean 143.6 us
served 49000 cold layer calls, mean 143.2 us
served 49500 cold layer calls, mean 142.6 us
served 50000 cold layer calls, mean 142.1 us
served 50500 cold layer calls, mean 141.7 us
served 51000 cold layer calls, mean 141.2 us
served 51500 cold layer calls, mean 140.8 us
served 52000 cold layer calls, mean 140.3 us
served 52500 cold layer calls, mean 139.9 us
served 53000 cold layer calls, mean 139.4 us
served 53500 cold layer calls, mean 139.1 us
served 54000 cold layer calls, mean 138.6 us
served 54500 cold layer calls, mean 138.2 us
served 55000 cold layer calls, mean 137.8 us
served 55500 cold layer calls, mean 137.5 us
served 56000 cold layer calls, mean 137.1 us
served 56500 cold layer calls, mean 136.6 us
served 57000 cold layer calls, mean 136.2 us
served 57500 cold layer calls, mean 135.8 us
served 58000 cold layer calls, mean 135.5 us
served 58500 cold layer calls, mean 135.1 us
served 59000 cold layer calls, mean 134.7 us
served 59500 cold layer calls, mean 134.4 us
served 60000 cold layer calls, mean 134.1 us
served 60500 cold layer calls, mean 133.7 us
served 61000 cold layer calls, mean 133.4 us
served 61500 cold layer calls, mean 133.1 us
served 62000 cold layer calls, mean 132.8 us
served 62500 cold layer calls, mean 132.5 us
served 63000 cold layer calls, mean 132.2 us
served 63500 cold layer calls, mean 131.9 us
served 64000 cold layer calls, mean 131.6 us
served 64500 cold layer calls, mean 131.3 us
served 65000 cold layer calls, mean 130.9 us
served 65500 cold layer calls, mean 130.6 us
served 66000 cold layer calls, mean 130.4 us
served 66500 cold layer calls, mean 130.1 us
served 67000 cold layer calls, mean 129.9 us
served 67500 cold layer calls, mean 129.6 us
served 68000 cold layer calls, mean 129.3 us
served 68500 cold layer calls, mean 129.1 us
served 69000 cold layer calls, mean 128.8 us
served 69500 cold layer calls, mean 128.6 us
served 70000 cold layer calls, mean 128.3 us
served 70500 cold layer calls, mean 128.1 us
served 71000 cold layer calls, mean 127.9 us
served 71500 cold layer calls, mean 127.6 us
served 72000 cold layer calls, mean 127.4 us
served 72500 cold layer calls, mean 127.2 us
served 73000 cold layer calls, mean 127.0 us
served 73500 cold layer calls, mean 126.8 us
served 74000 cold layer calls, mean 126.5 us
served 74500 cold layer calls, mean 126.2 us
served 75000 cold layer calls, mean 125.9 us
served 75500 cold layer calls, mean 125.6 us
served 76000 cold layer calls, mean 125.4 us
served 76500 cold layer calls, mean 125.2 us
served 77000 cold layer calls, mean 125.0 us
served 77500 cold layer calls, mean 124.8 us
served 78000 cold layer calls, mean 124.6 us
served 78500 cold layer calls, mean 124.4 us
served 79000 cold layer calls, mean 124.2 us
served 79500 cold layer calls, mean 124.0 us
served 80000 cold layer calls, mean 123.9 us
served 80500 cold layer calls, mean 123.7 us
served 81000 cold layer calls, mean 123.6 us
served 81500 cold layer calls, mean 123.4 us
served 82000 cold layer calls, mean 123.2 us
served 82500 cold layer calls, mean 123.0 us
served 83000 cold layer calls, mean 122.8 us
served 83500 cold layer calls, mean 122.5 us
served 84000 cold layer calls, mean 122.4 us
served 84500 cold layer calls, mean 122.2 us
served 85000 cold layer calls, mean 122.0 us
served 85500 cold layer calls, mean 121.9 us
served 86000 cold layer calls, mean 121.7 us
served 86500 cold layer calls, mean 121.6 us
served 87000 cold layer calls, mean 121.4 us
served 87500 cold layer calls, mean 121.3 us
served 88000 cold layer calls, mean 121.1 us
served 88500 cold layer calls, mean 120.9 us
served 89000 cold layer calls, mean 120.8 us
served 89500 cold layer calls, mean 120.7 us
served 90000 cold layer calls, mean 120.5 us
served 90500 cold layer calls, mean 120.4 us
served 91000 cold layer calls, mean 120.2 us
served 91500 cold layer calls, mean 120.1 us
served 92000 cold layer calls, mean 119.9 us
served 92500 cold layer calls, mean 119.7 us
served 93000 cold layer calls, mean 119.5 us
served 93500 cold layer calls, mean 119.5 us
served 94000 cold layer calls, mean 119.3 us
served 94500 cold layer calls, mean 119.2 us
served 95000 cold layer calls, mean 119.1 us
served 95500 cold layer calls, mean 118.9 us
served 96000 cold layer calls, mean 118.8 us
served 96500 cold layer calls, mean 118.7 us
served 97000 cold layer calls, mean 118.6 us
served 97500 cold layer calls, mean 118.4 us
served 98000 cold layer calls, mean 118.3 us
served 98500 cold layer calls, mean 118.2 us
served 99000 cold layer calls, mean 118.1 us
served 99500 cold layer calls, mean 118.0 us
served 100000 cold layer calls, mean 118.0 us
served 100500 cold layer calls, mean 117.9 us
served 101000 cold layer calls, mean 117.8 us
served 101500 cold layer calls, mean 117.6 us
served 102000 cold layer calls, mean 117.5 us
served 102500 cold layer calls, mean 117.3 us
served 103000 cold layer calls, mean 117.2 us
served 103500 cold layer calls, mean 117.1 us
served 104000 cold layer calls, mean 117.0 us
served 104500 cold layer calls, mean 116.9 us
served 105000 cold layer calls, mean 116.7 us
served 105500 cold layer calls, mean 116.7 us
served 106000 cold layer calls, mean 116.5 us
served 106500 cold layer calls, mean 116.4 us
served 107000 cold layer calls, mean 116.3 us
served 107500 cold layer calls, mean 116.4 us
served 108000 cold layer calls, mean 116.5 us
served 108500 cold layer calls, mean 116.6 us
served 109000 cold layer calls, mean 116.7 us
served 109500 cold layer calls, mean 116.8 us
served 110000 cold layer calls, mean 116.9 us
served 110500 cold layer calls, mean 117.0 us
served 111000 cold layer calls, mean 117.1 us
served 111500 cold layer calls, mean 117.2 us
served 112000 cold layer calls, mean 117.3 us
served 112500 cold layer calls, mean 117.4 us
served 113000 cold layer calls, mean 117.5 us
served 113500 cold layer calls, mean 117.6 us
served 114000 cold layer calls, mean 117.6 us
served 114500 cold layer calls, mean 117.7 us
served 115000 cold layer calls, mean 117.7 us
served 115500 cold layer calls, mean 117.7 us
served 116000 cold layer calls, mean 117.8 us
served 116500 cold layer calls, mean 117.8 us
served 117000 cold layer calls, mean 117.9 us
served 117500 cold layer calls, mean 118.0 us
served 118000 cold layer calls, mean 118.1 us
served 118500 cold layer calls, mean 118.1 us
served 119000 cold layer calls, mean 118.1 us
served 119500 cold layer calls, mean 118.2 us
served 120000 cold layer calls, mean 118.2 us
served 120500 cold layer calls, mean 118.3 us
served 121000 cold layer calls, mean 118.4 us
served 121500 cold layer calls, mean 118.4 us
served 122000 cold layer calls, mean 118.5 us
served 122500 cold layer calls, mean 118.6 us
served 123000 cold layer calls, mean 118.7 us
served 123500 cold layer calls, mean 118.8 us
served 124000 cold layer calls, mean 118.8 us
served 124500 cold layer calls, mean 118.9 us
served 125000 cold layer calls, mean 118.9 us
served 125500 cold layer calls, mean 119.0 us
served 126000 cold layer calls, mean 119.0 us
served 126500 cold layer calls, mean 119.1 us
served 127000 cold layer calls, mean 119.1 us
served 127500 cold layer calls, mean 119.2 us
served 128000 cold layer calls, mean 119.3 us
served 128500 cold layer calls, mean 119.4 us
served 129000 cold layer calls, mean 119.4 us
served 129500 cold layer calls, mean 119.5 us
served 130000 cold layer calls, mean 119.6 us
served 130500 cold layer calls, mean 119.7 us
served 131000 cold layer calls, mean 119.7 us
served 131500 cold layer calls, mean 119.8 us
served 132000 cold layer calls, mean 119.9 us
served 132500 cold layer calls, mean 120.0 us
served 133000 cold layer calls, mean 120.0 us
served 133500 cold layer calls, mean 120.1 us
served 134000 cold layer calls, mean 120.2 us
served 134500 cold layer calls, mean 120.2 us
served 135000 cold layer calls, mean 120.3 us
served 135500 cold layer calls, mean 120.4 us
served 136000 cold layer calls, mean 120.4 us
served 136500 cold layer calls, mean 120.5 us
served 137000 cold layer calls, mean 120.5 us
served 137500 cold layer calls, mean 120.5 us
served 138000 cold layer calls, mean 120.6 us
served 138500 cold layer calls, mean 120.6 us
served 139000 cold layer calls, mean 120.6 us
served 139500 cold layer calls, mean 120.6 us
served 140000 cold layer calls, mean 120.6 us
served 140500 cold layer calls, mean 120.6 us
served 141000 cold layer calls, mean 120.6 us
served 141500 cold layer calls, mean 120.7 us
served 142000 cold layer calls, mean 120.8 us
served 142500 cold layer calls, mean 120.8 us
served 143000 cold layer calls, mean 120.9 us
served 143500 cold layer calls, mean 120.9 us
served 144000 cold layer calls, mean 120.9 us
served 144500 cold layer calls, mean 121.0 us
served 145000 cold layer calls, mean 121.0 us
served 145500 cold layer calls, mean 121.0 us
served 146000 cold layer calls, mean 121.0 us
served 146500 cold layer calls, mean 121.0 us
served 147000 cold layer calls, mean 121.1 us
served 147500 cold layer calls, mean 121.1 us
served 148000 cold layer calls, mean 121.2 us
served 148500 cold layer calls, mean 121.2 us
served 149000 cold layer calls, mean 121.3 us
served 149500 cold layer calls, mean 121.4 us
served 150000 cold layer calls, mean 121.4 us
served 150500 cold layer calls, mean 121.5 us
served 151000 cold layer calls, mean 121.5 us
served 151500 cold layer calls, mean 121.6 us
served 152000 cold layer calls, mean 121.6 us
served 152500 cold layer calls, mean 121.7 us
served 153000 cold layer calls, mean 121.7 us
served 153500 cold layer calls, mean 121.8 us
served 154000 cold layer calls, mean 121.8 us
served 154500 cold layer calls, mean 121.9 us
served 155000 cold layer calls, mean 121.9 us
served 155500 cold layer calls, mean 122.0 us
served 156000 cold layer calls, mean 122.1 us
served 156500 cold layer calls, mean 122.1 us
served 157000 cold layer calls, mean 122.1 us
served 157500 cold layer calls, mean 122.1 us
served 158000 cold layer calls, mean 122.1 us
served 158500 cold layer calls, mean 122.1 us
served 159000 cold layer calls, mean 122.1 us
served 159500 cold layer calls, mean 122.2 us
served 160000 cold layer calls, mean 122.2 us
served 160500 cold layer calls, mean 122.3 us
served 161000 cold layer calls, mean 122.3 us
served 161500 cold layer calls, mean 122.4 us
served 162000 cold layer calls, mean 122.4 us
served 162500 cold layer calls, mean 122.4 us
served 163000 cold layer calls, mean 122.4 us
served 163500 cold layer calls, mean 122.5 us
served 164000 cold layer calls, mean 122.5 us
served 164500 cold layer calls, mean 122.5 us
served 165000 cold layer calls, mean 122.5 us
served 165500 cold layer calls, mean 122.5 us
served 166000 cold layer calls, mean 122.5 us
served 166500 cold layer calls, mean 122.5 us
served 167000 cold layer calls, mean 122.5 us
served 167500 cold layer calls, mean 122.4 us
served 168000 cold layer calls, mean 122.4 us
served 168500 cold layer calls, mean 122.5 us
served 169000 cold layer calls, mean 122.5 us
served 169500 cold layer calls, mean 122.5 us
served 170000 cold layer calls, mean 122.6 us
served 170500 cold layer calls, mean 122.6 us
served 171000 cold layer calls, mean 122.7 us
served 171500 cold layer calls, mean 122.7 us
served 172000 cold layer calls, mean 122.8 us
served 172500 cold layer calls, mean 122.8 us
served 173000 cold layer calls, mean 122.9 us
served 173500 cold layer calls, mean 122.9 us
served 174000 cold layer calls, mean 122.9 us
served 174500 cold layer calls, mean 123.0 us
served 175000 cold layer calls, mean 123.0 us
served 175500 cold layer calls, mean 123.0 us
served 176000 cold layer calls, mean 123.1 us
served 176500 cold layer calls, mean 123.1 us
served 177000 cold layer calls, mean 123.1 us
served 177500 cold layer calls, mean 123.2 us
served 178000 cold layer calls, mean 123.2 us
served 178500 cold layer calls, mean 123.2 us
served 179000 cold layer calls, mean 123.2 us
served 179500 cold layer calls, mean 123.2 us
served 180000 cold layer calls, mean 123.2 us
served 180500 cold layer calls, mean 123.2 us
served 181000 cold layer calls, mean 123.2 us
served 181500 cold layer calls, mean 123.3 us
served 182000 cold layer calls, mean 123.3 us
served 182500 cold layer calls, mean 123.3 us
served 183000 cold layer calls, mean 123.4 us
served 183500 cold layer calls, mean 123.4 us
served 184000 cold layer calls, mean 123.4 us
served 184500 cold layer calls, mean 123.5 us
served 185000 cold layer calls, mean 123.5 us
served 185500 cold layer calls, mean 123.5 us
served 186000 cold layer calls, mean 123.5 us
served 186500 cold layer calls, mean 123.5 us
served 187000 cold layer calls, mean 123.5 us
served 187500 cold layer calls, mean 123.5 us
served 188000 cold layer calls, mean 123.6 us
served 188500 cold layer calls, mean 123.6 us
served 189000 cold layer calls, mean 123.6 us
served 189500 cold layer calls, mean 123.6 us
served 190000 cold layer calls, mean 123.7 us
served 190500 cold layer calls, mean 123.7 us
served 191000 cold layer calls, mean 123.7 us
served 191500 cold layer calls, mean 123.8 us
served 192000 cold layer calls, mean 123.9 us
served 192500 cold layer calls, mean 123.9 us
served 193000 cold layer calls, mean 124.0 us
served 193500 cold layer calls, mean 124.0 us
served 194000 cold layer calls, mean 124.0 us
served 194500 cold layer calls, mean 124.0 us
served 195000 cold layer calls, mean 124.1 us
served 195500 cold layer calls, mean 124.1 us
served 196000 cold layer calls, mean 124.1 us
served 196500 cold layer calls, mean 124.2 us
served 197000 cold layer calls, mean 124.2 us
served 197500 cold layer calls, mean 124.3 us
served 198000 cold layer calls, mean 124.3 us
served 198500 cold layer calls, mean 124.3 us
served 199000 cold layer calls, mean 124.3 us
served 199500 cold layer calls, mean 124.3 us
served 200000 cold layer calls, mean 124.3 us
served 200500 cold layer calls, mean 124.4 us
served 201000 cold layer calls, mean 124.4 us
served 201500 cold layer calls, mean 124.4 us
served 202000 cold layer calls, mean 124.4 us
served 202500 cold layer calls, mean 124.4 us
served 203000 cold layer calls, mean 124.4 us
served 203500 cold layer calls, mean 124.4 us
served 204000 cold layer calls, mean 124.4 us
served 204500 cold layer calls, mean 124.5 us
served 205000 cold layer calls, mean 124.5 us
served 205500 cold layer calls, mean 124.5 us
served 206000 cold layer calls, mean 124.5 us
served 206500 cold layer calls, mean 124.6 us
served 207000 cold layer calls, mean 124.6 us
served 207500 cold layer calls, mean 124.6 us
served 208000 cold layer calls, mean 124.6 us
served 208500 cold layer calls, mean 124.7 us
served 209000 cold layer calls, mean 124.7 us
served 209500 cold layer calls, mean 124.7 us
served 210000 cold layer calls, mean 124.7 us
served 210500 cold layer calls, mean 124.7 us
served 211000 cold layer calls, mean 124.8 us
served 211500 cold layer calls, mean 124.8 us
served 212000 cold layer calls, mean 124.8 us
served 212500 cold layer calls, mean 124.8 us
served 213000 cold layer calls, mean 124.9 us
served 213500 cold layer calls, mean 124.9 us
served 214000 cold layer calls, mean 124.9 us
served 214500 cold layer calls, mean 124.9 us
served 215000 cold layer calls, mean 125.0 us
served 215500 cold layer calls, mean 125.0 us
served 216000 cold layer calls, mean 125.0 us
served 216500 cold layer calls, mean 125.1 us
served 217000 cold layer calls, mean 125.1 us
served 217500 cold layer calls, mean 125.1 us
served 218000 cold layer calls, mean 125.1 us
served 218500 cold layer calls, mean 125.2 us
served 219000 cold layer calls, mean 125.2 us
served 219500 cold layer calls, mean 125.2 us
served 220000 cold layer calls, mean 125.3 us
served 220500 cold layer calls, mean 125.3 us
served 221000 cold layer calls, mean 125.3 us
served 221500 cold layer calls, mean 125.3 us
served 222000 cold layer calls, mean 125.3 us
served 222500 cold layer calls, mean 125.3 us
served 223000 cold layer calls, mean 125.4 us
served 223500 cold layer calls, mean 125.4 us
served 224000 cold layer calls, mean 125.4 us
served 224500 cold layer calls, mean 125.5 us
served 225000 cold layer calls, mean 125.5 us
served 225500 cold layer calls, mean 125.5 us
served 226000 cold layer calls, mean 125.5 us
served 226500 cold layer calls, mean 125.5 us
served 227000 cold layer calls, mean 125.5 us
served 227500 cold layer calls, mean 125.5 us
served 228000 cold layer calls, mean 125.5 us
served 228500 cold layer calls, mean 125.6 us
served 229000 cold layer calls, mean 125.6 us
served 229500 cold layer calls, mean 125.6 us
served 230000 cold layer calls, mean 125.6 us
served 230500 cold layer calls, mean 125.6 us
served 231000 cold layer calls, mean 125.6 us
served 231500 cold layer calls, mean 125.7 us
served 232000 cold layer calls, mean 125.7 us
served 232500 cold layer calls, mean 125.7 us
served 233000 cold layer calls, mean 125.7 us
served 233500 cold layer calls, mean 125.7 us
served 234000 cold layer calls, mean 125.7 us
served 234500 cold layer calls, mean 125.8 us
served 235000 cold layer calls, mean 125.8 us
served 235500 cold layer calls, mean 125.8 us
served 236000 cold layer calls, mean 125.7 us
served 236500 cold layer calls, mean 125.6 us
served 237000 cold layer calls, mean 125.6 us
served 237500 cold layer calls, mean 125.5 us
served 238000 cold layer calls, mean 125.5 us
served 238500 cold layer calls, mean 125.4 us
served 239000 cold layer calls, mean 125.3 us
served 239500 cold layer calls, mean 125.3 us
served 240000 cold layer calls, mean 125.2 us
served 240500 cold layer calls, mean 125.1 us
served 241000 cold layer calls, mean 125.0 us
served 241500 cold layer calls, mean 124.9 us
served 242000 cold layer calls, mean 124.9 us
served 242500 cold layer calls, mean 124.8 us
served 243000 cold layer calls, mean 124.7 us
served 243500 cold layer calls, mean 124.6 us
served 244000 cold layer calls, mean 124.6 us
served 244500 cold layer calls, mean 124.6 us
served 245000 cold layer calls, mean 124.5 us
served 245500 cold layer calls, mean 124.4 us
served 246000 cold layer calls, mean 124.4 us
served 246500 cold layer calls, mean 124.3 us
served 247000 cold layer calls, mean 124.2 us
served 247500 cold layer calls, mean 124.2 us
served 248000 cold layer calls, mean 124.1 us
served 248500 cold layer calls, mean 124.1 us
served 249000 cold layer calls, mean 124.3 us
served 249500 cold layer calls, mean 124.4 us
served 250000 cold layer calls, mean 124.6 us
served 250500 cold layer calls, mean 124.8 us
served 251000 cold layer calls, mean 125.0 us
served 251500 cold layer calls, mean 125.1 us
served 252000 cold layer calls, mean 125.3 us
served 252500 cold layer calls, mean 125.5 us
served 253000 cold layer calls, mean 125.7 us
served 253500 cold layer calls, mean 125.8 us
served 254000 cold layer calls, mean 126.0 us
served 254500 cold layer calls, mean 126.1 us
served 255000 cold layer calls, mean 126.3 us
served 255500 cold layer calls, mean 126.5 us
served 256000 cold layer calls, mean 126.6 us
served 256500 cold layer calls, mean 126.8 us
served 257000 cold layer calls, mean 127.0 us
served 257500 cold layer calls, mean 127.2 us
served 258000 cold layer calls, mean 127.3 us
served 258500 cold layer calls, mean 127.5 us
served 259000 cold layer calls, mean 127.7 us
served 259500 cold layer calls, mean 127.8 us
served 260000 cold layer calls, mean 128.0 us
served 260500 cold layer calls, mean 128.1 us
served 261000 cold layer calls, mean 128.2 us
served 261500 cold layer calls, mean 128.4 us
served 262000 cold layer calls, mean 128.5 us
served 262500 cold layer calls, mean 128.6 us
served 263000 cold layer calls, mean 128.8 us
served 263500 cold layer calls, mean 128.9 us
served 264000 cold layer calls, mean 129.0 us
served 264500 cold layer calls, mean 129.2 us
served 265000 cold layer calls, mean 129.3 us
served 265500 cold layer calls, mean 129.5 us
served 266000 cold layer calls, mean 129.6 us
served 266500 cold layer calls, mean 129.8 us
served 267000 cold layer calls, mean 129.9 us
served 267500 cold layer calls, mean 130.1 us
served 268000 cold layer calls, mean 130.2 us
served 268500 cold layer calls, mean 130.4 us
served 269000 cold layer calls, mean 130.6 us
served 269500 cold layer calls, mean 130.8 us
served 270000 cold layer calls, mean 130.9 us
served 270500 cold layer calls, mean 131.1 us
served 271000 cold layer calls, mean 131.3 us
served 271500 cold layer calls, mean 131.5 us
served 272000 cold layer calls, mean 131.5 us
served 272500 cold layer calls, mean 131.5 us
served 273000 cold layer calls, mean 131.6 us
served 273500 cold layer calls, mean 131.8 us
served 274000 cold layer calls, mean 131.9 us
served 274500 cold layer calls, mean 132.1 us
served 275000 cold layer calls, mean 132.2 us
served 275500 cold layer calls, mean 132.4 us
served 276000 cold layer calls, mean 132.5 us
served 276500 cold layer calls, mean 132.7 us
served 277000 cold layer calls, mean 132.8 us
served 277500 cold layer calls, mean 133.0 us
served 278000 cold layer calls, mean 133.1 us
served 278500 cold layer calls, mean 133.2 us
served 279000 cold layer calls, mean 133.3 us
served 279500 cold layer calls, mean 133.5 us
served 280000 cold layer calls, mean 133.6 us
served 280500 cold layer calls, mean 133.7 us
served 281000 cold layer calls, mean 133.9 us
served 281500 cold layer calls, mean 134.0 us
served 282000 cold layer calls, mean 134.1 us
served 282500 cold layer calls, mean 134.3 us
served 283000 cold layer calls, mean 134.4 us
served 283500 cold layer calls, mean 134.5 us
served 284000 cold layer calls, mean 134.7 us
served 284500 cold layer calls, mean 134.8 us
served 285000 cold layer calls, mean 135.0 us
served 285500 cold layer calls, mean 135.1 us
served 286000 cold layer calls, mean 135.3 us
served 286500 cold layer calls, mean 135.4 us
served 287000 cold layer calls, mean 135.5 us
served 287500 cold layer calls, mean 135.6 us
served 288000 cold layer calls, mean 135.7 us
served 288500 cold layer calls, mean 135.8 us
served 289000 cold layer calls, mean 135.9 us
served 289500 cold layer calls, mean 136.0 us
served 290000 cold layer calls, mean 136.1 us
served 290500 cold layer calls, mean 136.3 us
served 291000 cold layer calls, mean 136.4 us
served 291500 cold layer calls, mean 136.6 us
served 292000 cold layer calls, mean 136.8 us
served 292500 cold layer calls, mean 136.9 us
served 293000 cold layer calls, mean 137.1 us
served 293500 cold layer calls, mean 137.3 us
served 294000 cold layer calls, mean 137.4 us
served 294500 cold layer calls, mean 137.5 us
served 295000 cold layer calls, mean 137.7 us
served 295500 cold layer calls, mean 137.8 us
served 296000 cold layer calls, mean 138.0 us
served 296500 cold layer calls, mean 138.1 us
served 297000 cold layer calls, mean 138.2 us
served 297500 cold layer calls, mean 138.3 us
served 298000 cold layer calls, mean 138.5 us
served 298500 cold layer calls, mean 138.6 us
served 299000 cold layer calls, mean 138.7 us
served 299500 cold layer calls, mean 138.9 us
served 300000 cold layer calls, mean 139.0 us
served 300500 cold layer calls, mean 139.1 us
served 301000 cold layer calls, mean 139.2 us
served 301500 cold layer calls, mean 139.3 us
served 302000 cold layer calls, mean 139.4 us
served 302500 cold layer calls, mean 139.5 us
served 303000 cold layer calls, mean 139.6 us
served 303500 cold layer calls, mean 139.8 us
served 304000 cold layer calls, mean 139.9 us
served 304500 cold layer calls, mean 140.1 us
served 305000 cold layer calls, mean 140.2 us
served 305500 cold layer calls, mean 140.4 us
served 306000 cold layer calls, mean 140.5 us
served 306500 cold layer calls, mean 140.6 us
served 307000 cold layer calls, mean 140.7 us
served 307500 cold layer calls, mean 140.9 us
served 308000 cold layer calls, mean 141.0 us
served 308500 cold layer calls, mean 141.1 us
served 309000 cold layer calls, mean 141.2 us
served 309500 cold layer calls, mean 141.3 us
served 310000 cold layer calls, mean 141.4 us
served 310500 cold layer calls, mean 141.5 us
served 311000 cold layer calls, mean 141.6 us
served 311500 cold layer calls, mean 141.7 us
served 312000 cold layer calls, mean 141.8 us
served 312500 cold layer calls, mean 141.9 us
served 313000 cold layer calls, mean 142.0 us
served 313500 cold layer calls, mean 142.1 us
served 314000 cold layer calls, mean 142.2 us
served 314500 cold layer calls, mean 142.3 us
served 315000 cold layer calls, mean 142.4 us
served 315500 cold layer calls, mean 142.5 us
served 316000 cold layer calls, mean 142.7 us
served 316500 cold layer calls, mean 142.8 us
served 317000 cold layer calls, mean 142.9 us
served 317500 cold layer calls, mean 143.0 us
served 318000 cold layer calls, mean 143.2 us
served 318500 cold layer calls, mean 143.4 us
served 319000 cold layer calls, mean 143.5 us
served 319500 cold layer calls, mean 143.6 us
served 320000 cold layer calls, mean 143.7 us
served 320500 cold layer calls, mean 143.8 us
served 321000 cold layer calls, mean 143.9 us
served 321500 cold layer calls, mean 144.0 us
served 322000 cold layer calls, mean 144.2 us
served 322500 cold layer calls, mean 144.3 us
served 323000 cold layer calls, mean 144.4 us
served 323500 cold layer calls, mean 144.5 us
served 324000 cold layer calls, mean 144.6 us
served 324500 cold layer calls, mean 144.6 us
served 325000 cold layer calls, mean 144.7 us
served 325500 cold layer calls, mean 144.8 us
served 326000 cold layer calls, mean 144.9 us
served 326500 cold layer calls, mean 145.0 us
served 327000 cold layer calls, mean 145.1 us
served 327500 cold layer calls, mean 145.2 us
served 328000 cold layer calls, mean 145.3 us
served 328500 cold layer calls, mean 145.4 us
served 329000 cold layer calls, mean 145.5 us
served 329500 cold layer calls, mean 145.6 us
served 330000 cold layer calls, mean 145.7 us
served 330500 cold layer calls, mean 145.8 us
served 331000 cold layer calls, mean 145.9 us
served 331500 cold layer calls, mean 146.0 us
served 332000 cold layer calls, mean 146.1 us
served 332500 cold layer calls, mean 146.2 us
served 333000 cold layer calls, mean 146.3 us
served 333500 cold layer calls, mean 146.3 us
served 334000 cold layer calls, mean 146.4 us
served 334500 cold layer calls, mean 146.5 us
served 335000 cold layer calls, mean 146.5 us
served 335500 cold layer calls, mean 146.6 us
served 336000 cold layer calls, mean 146.7 us
served 336500 cold layer calls, mean 146.8 us
served 337000 cold layer calls, mean 146.9 us
served 337500 cold layer calls, mean 146.9 us
served 338000 cold layer calls, mean 147.0 us
served 338500 cold layer calls, mean 147.1 us
served 339000 cold layer calls, mean 147.2 us
served 339500 cold layer calls, mean 147.2 us
served 340000 cold layer calls, mean 147.3 us
served 340500 cold layer calls, mean 147.4 us
served 341000 cold layer calls, mean 147.6 us
served 341500 cold layer calls, mean 147.7 us
served 342000 cold layer calls, mean 147.8 us
served 342500 cold layer calls, mean 147.9 us
served 343000 cold layer calls, mean 148.0 us
served 343500 cold layer calls, mean 148.1 us
served 344000 cold layer calls, mean 148.1 us
served 344500 cold layer calls, mean 148.2 us
served 345000 cold layer calls, mean 148.3 us
served 345500 cold layer calls, mean 148.4 us
served 346000 cold layer calls, mean 148.5 us
served 346500 cold layer calls, mean 148.6 us
served 347000 cold layer calls, mean 148.7 us
served 347500 cold layer calls, mean 148.8 us
served 348000 cold layer calls, mean 148.9 us
served 348500 cold layer calls, mean 149.0 us
served 349000 cold layer calls, mean 149.1 us
served 349500 cold layer calls, mean 149.2 us
served 350000 cold layer calls, mean 149.2 us
served 350500 cold layer calls, mean 149.3 us
served 351000 cold layer calls, mean 149.3 us
served 351500 cold layer calls, mean 149.4 us
served 352000 cold layer calls, mean 149.5 us
served 352500 cold layer calls, mean 149.6 us
served 353000 cold layer calls, mean 149.6 us
served 353500 cold layer calls, mean 149.7 us
served 354000 cold layer calls, mean 149.8 us
served 354500 cold layer calls, mean 149.9 us
served 355000 cold layer calls, mean 149.9 us
served 355500 cold layer calls, mean 150.0 us
served 356000 cold layer calls, mean 150.1 us
served 356500 cold layer calls, mean 150.1 us
served 357000 cold layer calls, mean 150.2 us
served 357500 cold layer calls, mean 150.3 us
served 358000 cold layer calls, mean 150.3 us
served 358500 cold layer calls, mean 150.4 us
served 359000 cold layer calls, mean 150.5 us
served 359500 cold layer calls, mean 150.5 us
served 360000 cold layer calls, mean 150.6 us
served 360500 cold layer calls, mean 150.7 us
served 361000 cold layer calls, mean 150.7 us
served 361500 cold layer calls, mean 150.8 us
served 362000 cold layer calls, mean 150.9 us
served 362500 cold layer calls, mean 151.0 us
served 363000 cold layer calls, mean 151.1 us
served 363500 cold layer calls, mean 151.2 us
served 364000 cold layer calls, mean 151.3 us
served 364500 cold layer calls, mean 151.4 us
served 365000 cold layer calls, mean 151.5 us
served 365500 cold layer calls, mean 151.6 us
served 366000 cold layer calls, mean 151.7 us
served 366500 cold layer calls, mean 151.7 us
served 367000 cold layer calls, mean 151.8 us
served 367500 cold layer calls, mean 151.9 us
served 368000 cold layer calls, mean 152.0 us
served 368500 cold layer calls, mean 152.1 us
served 369000 cold layer calls, mean 152.2 us
served 369500 cold layer calls, mean 152.2 us
served 370000 cold layer calls, mean 152.3 us
served 370500 cold layer calls, mean 152.4 us
served 371000 cold layer calls, mean 152.4 us
served 371500 cold layer calls, mean 152.5 us
served 372000 cold layer calls, mean 152.6 us
served 372500 cold layer calls, mean 152.7 us
served 373000 cold layer calls, mean 152.8 us
served 373500 cold layer calls, mean 152.9 us
served 374000 cold layer calls, mean 152.9 us
served 374500 cold layer calls, mean 153.0 us
served 375000 cold layer calls, mean 153.0 us
served 375500 cold layer calls, mean 153.1 us
served 376000 cold layer calls, mean 153.2 us
served 376500 cold layer calls, mean 153.2 us
served 377000 cold layer calls, mean 153.3 us
served 377500 cold layer calls, mean 153.4 us
served 378000 cold layer calls, mean 153.4 us
served 378500 cold layer calls, mean 153.5 us
served 379000 cold layer calls, mean 153.6 us
served 379500 cold layer calls, mean 153.6 us
served 380000 cold layer calls, mean 153.7 us
served 380500 cold layer calls, mean 153.7 us
served 381000 cold layer calls, mean 153.8 us
served 381500 cold layer calls, mean 153.9 us
served 382000 cold layer calls, mean 154.0 us
served 382500 cold layer calls, mean 154.0 us
served 383000 cold layer calls, mean 154.1 us
served 383500 cold layer calls, mean 154.2 us
served 384000 cold layer calls, mean 154.3 us
served 384500 cold layer calls, mean 154.5 us
served 385000 cold layer calls, mean 154.6 us
served 385500 cold layer calls, mean 154.7 us
served 386000 cold layer calls, mean 154.8 us
served 386500 cold layer calls, mean 154.9 us
served 387000 cold layer calls, mean 155.0 us
served 387500 cold layer calls, mean 155.1 us
served 388000 cold layer calls, mean 155.0 us
served 388500 cold layer calls, mean 155.0 us
served 389000 cold layer calls, mean 155.0 us
served 389500 cold layer calls, mean 154.9 us
served 390000 cold layer calls, mean 154.8 us
served 390500 cold layer calls, mean 154.7 us
served 391000 cold layer calls, mean 154.7 us
served 391500 cold layer calls, mean 154.6 us
served 392000 cold layer calls, mean 154.5 us
served 392500 cold layer calls, mean 154.4 us
served 393000 cold layer calls, mean 154.4 us
served 393500 cold layer calls, mean 154.3 us
served 394000 cold layer calls, mean 154.2 us
served 394500 cold layer calls, mean 154.2 us
served 395000 cold layer calls, mean 154.1 us
served 395500 cold layer calls, mean 154.0 us
served 396000 cold layer calls, mean 153.9 us
served 396500 cold layer calls, mean 153.9 us
served 397000 cold layer calls, mean 153.8 us
served 397500 cold layer calls, mean 153.7 us
served 398000 cold layer calls, mean 153.7 us
served 398500 cold layer calls, mean 153.6 us
served 399000 cold layer calls, mean 153.5 us
served 399500 cold layer calls, mean 153.4 us
served 400000 cold layer calls, mean 153.4 us
served 400500 cold layer calls, mean 153.3 us
served 401000 cold layer calls, mean 153.2 us
served 401500 cold layer calls, mean 153.1 us
served 402000 cold layer calls, mean 153.1 us
served 402500 cold layer calls, mean 153.0 us
served 403000 cold layer calls, mean 152.9 us
served 403500 cold layer calls, mean 152.9 us
served 404000 cold layer calls, mean 152.8 us
served 404500 cold layer calls, mean 152.7 us
served 405000 cold layer calls, mean 152.6 us
served 405500 cold layer calls, mean 152.6 us
served 406000 cold layer calls, mean 152.5 us
served 406500 cold layer calls, mean 152.4 us
served 407000 cold layer calls, mean 152.3 us
served 407500 cold layer calls, mean 152.2 us
served 408000 cold layer calls, mean 152.2 us
served 408500 cold layer calls, mean 152.1 us
served 409000 cold layer calls, mean 152.0 us
served 409500 cold layer calls, mean 152.0 us
served 410000 cold layer calls, mean 151.9 us
served 410500 cold layer calls, mean 151.8 us
served 411000 cold layer calls, mean 151.7 us
served 411500 cold layer calls, mean 151.7 us
served 412000 cold layer calls, mean 151.6 us
served 412500 cold layer calls, mean 151.5 us
served 413000 cold layer calls, mean 151.5 us
served 413500 cold layer calls, mean 151.4 us
served 414000 cold layer calls, mean 151.4 us
served 414500 cold layer calls, mean 151.3 us
served 415000 cold layer calls, mean 151.2 us
served 415500 cold layer calls, mean 151.2 us
served 416000 cold layer calls, mean 151.1 us
served 416500 cold layer calls, mean 151.1 us
served 417000 cold layer calls, mean 151.0 us
served 417500 cold layer calls, mean 150.9 us
served 418000 cold layer calls, mean 150.9 us
served 418500 cold layer calls, mean 150.8 us
served 419000 cold layer calls, mean 150.8 us
served 419500 cold layer calls, mean 150.7 us
served 420000 cold layer calls, mean 150.6 us
served 420500 cold layer calls, mean 150.6 us
served 421000 cold layer calls, mean 150.5 us
served 421500 cold layer calls, mean 150.4 us
served 422000 cold layer calls, mean 150.4 us
served 422500 cold layer calls, mean 150.3 us
served 423000 cold layer calls, mean 150.2 us
served 423500 cold layer calls, mean 150.2 us
served 424000 cold layer calls, mean 150.1 us
served 424500 cold layer calls, mean 150.1 us
served 425000 cold layer calls, mean 150.0 us
served 425500 cold layer calls, mean 150.0 us
served 426000 cold layer calls, mean 149.9 us
served 426500 cold layer calls, mean 149.8 us
served 427000 cold layer calls, mean 149.8 us
served 427500 cold layer calls, mean 149.7 us
served 428000 cold layer calls, mean 149.7 us
served 428500 cold layer calls, mean 149.7 us
served 429000 cold layer calls, mean 149.6 us
served 429500 cold layer calls, mean 149.6 us
served 430000 cold layer calls, mean 149.5 us
served 430500 cold layer calls, mean 149.4 us
served 431000 cold layer calls, mean 149.4 us
served 431500 cold layer calls, mean 149.3 us
served 432000 cold layer calls, mean 149.3 us
served 432500 cold layer calls, mean 149.2 us
served 433000 cold layer calls, mean 149.1 us
served 433500 cold layer calls, mean 149.1 us
served 434000 cold layer calls, mean 149.0 us
served 434500 cold layer calls, mean 148.9 us
served 435000 cold layer calls, mean 148.9 us
served 435500 cold layer calls, mean 148.8 us
served 436000 cold layer calls, mean 148.7 us
served 436500 cold layer calls, mean 148.7 us
served 437000 cold layer calls, mean 148.6 us
served 437500 cold layer calls, mean 148.5 us
served 438000 cold layer calls, mean 148.5 us
served 438500 cold layer calls, mean 148.4 us
served 439000 cold layer calls, mean 148.3 us
served 439500 cold layer calls, mean 148.3 us
served 440000 cold layer calls, mean 148.2 us
served 440500 cold layer calls, mean 148.1 us
served 441000 cold layer calls, mean 148.0 us
served 441500 cold layer calls, mean 148.0 us
served 442000 cold layer calls, mean 147.9 us
served 442500 cold layer calls, mean 147.9 us
served 443000 cold layer calls, mean 147.8 us
served 443500 cold layer calls, mean 147.7 us
served 444000 cold layer calls, mean 147.7 us
served 444500 cold layer calls, mean 147.6 us
served 445000 cold layer calls, mean 147.5 us
served 445500 cold layer calls, mean 147.5 us
served 446000 cold layer calls, mean 147.4 us
served 446500 cold layer calls, mean 147.3 us
served 447000 cold layer calls, mean 147.3 us
served 447500 cold layer calls, mean 147.2 us
served 448000 cold layer calls, mean 147.2 us
served 448500 cold layer calls, mean 147.1 us
served 449000 cold layer calls, mean 147.1 us
served 449500 cold layer calls, mean 147.0 us
served 450000 cold layer calls, mean 146.9 us
served 450500 cold layer calls, mean 146.9 us
served 451000 cold layer calls, mean 146.8 us
served 451500 cold layer calls, mean 146.8 us
served 452000 cold layer calls, mean 146.7 us
served 452500 cold layer calls, mean 146.6 us
served 453000 cold layer calls, mean 146.6 us
served 453500 cold layer calls, mean 146.5 us
served 454000 cold layer calls, mean 146.4 us
served 454500 cold layer calls, mean 146.4 us
served 455000 cold layer calls, mean 146.3 us
served 455500 cold layer calls, mean 146.2 us
served 456000 cold layer calls, mean 146.2 us
served 456500 cold layer calls, mean 146.1 us
served 457000 cold layer calls, mean 146.1 us
served 457500 cold layer calls, mean 146.0 us
served 458000 cold layer calls, mean 146.0 us
served 458500 cold layer calls, mean 145.9 us
served 459000 cold layer calls, mean 145.8 us
served 459500 cold layer calls, mean 145.8 us
served 460000 cold layer calls, mean 145.8 us
served 460500 cold layer calls, mean 145.7 us
served 461000 cold layer calls, mean 145.7 us
served 461500 cold layer calls, mean 145.6 us
served 462000 cold layer calls, mean 145.6 us
served 462500 cold layer calls, mean 145.6 us
served 463000 cold layer calls, mean 145.5 us
served 463500 cold layer calls, mean 145.5 us
served 464000 cold layer calls, mean 145.5 us
served 464500 cold layer calls, mean 145.4 us
served 465000 cold layer calls, mean 145.4 us
served 465500 cold layer calls, mean 145.3 us
served 466000 cold layer calls, mean 145.3 us
served 466500 cold layer calls, mean 145.2 us
served 467000 cold layer calls, mean 145.2 us
served 467500 cold layer calls, mean 145.1 us
served 468000 cold layer calls, mean 145.1 us
served 468500 cold layer calls, mean 145.0 us
served 469000 cold layer calls, mean 145.0 us
served 469500 cold layer calls, mean 144.9 us
served 470000 cold layer calls, mean 144.9 us
served 470500 cold layer calls, mean 144.8 us
served 471000 cold layer calls, mean 144.8 us
served 471500 cold layer calls, mean 144.7 us
served 472000 cold layer calls, mean 144.7 us
served 472500 cold layer calls, mean 144.6 us
served 473000 cold layer calls, mean 144.6 us
served 473500 cold layer calls, mean 144.5 us
served 474000 cold layer calls, mean 144.5 us
served 474500 cold layer calls, mean 144.4 us
served 475000 cold layer calls, mean 144.4 us
served 475500 cold layer calls, mean 144.3 us
served 476000 cold layer calls, mean 144.2 us
served 476500 cold layer calls, mean 144.2 us
served 477000 cold layer calls, mean 144.1 us
served 477500 cold layer calls, mean 144.1 us
served 478000 cold layer calls, mean 144.0 us
served 478500 cold layer calls, mean 144.0 us
served 479000 cold layer calls, mean 143.9 us
served 479500 cold layer calls, mean 143.9 us
served 480000 cold layer calls, mean 143.8 us
served 480500 cold layer calls, mean 143.8 us
served 481000 cold layer calls, mean 143.7 us
served 481500 cold layer calls, mean 143.7 us
served 482000 cold layer calls, mean 143.6 us
served 482500 cold layer calls, mean 143.6 us
served 483000 cold layer calls, mean 143.5 us
served 483500 cold layer calls, mean 143.5 us
served 484000 cold layer calls, mean 143.4 us
served 484500 cold layer calls, mean 143.4 us
served 485000 cold layer calls, mean 143.3 us
served 485500 cold layer calls, mean 143.3 us
served 486000 cold layer calls, mean 143.2 us
served 486500 cold layer calls, mean 143.2 us
served 487000 cold layer calls, mean 143.1 us
served 487500 cold layer calls, mean 143.1 us
served 488000 cold layer calls, mean 143.1 us
served 488500 cold layer calls, mean 143.0 us
served 489000 cold layer calls, mean 143.0 us
served 489500 cold layer calls, mean 142.9 us
served 490000 cold layer calls, mean 142.9 us
served 490500 cold layer calls, mean 142.8 us
served 491000 cold layer calls, mean 142.7 us
served 491500 cold layer calls, mean 142.7 us
served 492000 cold layer calls, mean 142.6 us
served 492500 cold layer calls, mean 142.6 us
served 493000 cold layer calls, mean 142.5 us
served 493500 cold layer calls, mean 142.5 us
served 494000 cold layer calls, mean 142.4 us
served 494500 cold layer calls, mean 142.4 us
served 495000 cold layer calls, mean 142.3 us
served 495500 cold layer calls, mean 142.3 us
served 496000 cold layer calls, mean 142.2 us
served 496500 cold layer calls, mean 142.2 us
served 497000 cold layer calls, mean 142.1 us
served 497500 cold layer calls, mean 142.1 us
served 498000 cold layer calls, mean 142.0 us
served 498500 cold layer calls, mean 141.9 us
served 499000 cold layer calls, mean 141.9 us
served 499500 cold layer calls, mean 141.9 us
served 500000 cold layer calls, mean 141.8 us
served 500500 cold layer calls, mean 141.8 us
served 501000 cold layer calls, mean 141.7 us
served 501500 cold layer calls, mean 141.6 us
served 502000 cold layer calls, mean 141.6 us
served 502500 cold layer calls, mean 141.5 us
served 503000 cold layer calls, mean 141.5 us
served 503500 cold layer calls, mean 141.4 us
served 504000 cold layer calls, mean 141.4 us
served 504500 cold layer calls, mean 141.4 us
served 505000 cold layer calls, mean 141.3 us
served 505500 cold layer calls, mean 141.3 us
served 506000 cold layer calls, mean 141.2 us
served 506500 cold layer calls, mean 141.2 us
served 507000 cold layer calls, mean 141.1 us
served 507500 cold layer calls, mean 141.1 us
served 508000 cold layer calls, mean 141.0 us
served 508500 cold layer calls, mean 141.0 us
served 509000 cold layer calls, mean 140.9 us
served 509500 cold layer calls, mean 140.9 us
served 510000 cold layer calls, mean 140.8 us
served 510500 cold layer calls, mean 140.8 us
served 511000 cold layer calls, mean 140.8 us
served 511500 cold layer calls, mean 140.7 us
served 512000 cold layer calls, mean 140.7 us
served 512500 cold layer calls, mean 140.6 us
served 513000 cold layer calls, mean 140.6 us
served 513500 cold layer calls, mean 140.5 us
served 514000 cold layer calls, mean 140.5 us
served 514500 cold layer calls, mean 140.4 us
served 515000 cold layer calls, mean 140.4 us
served 515500 cold layer calls, mean 140.3 us
served 516000 cold layer calls, mean 140.3 us
served 516500 cold layer calls, mean 140.2 us
served 517000 cold layer calls, mean 140.2 us
served 517500 cold layer calls, mean 140.2 us
served 518000 cold layer calls, mean 140.1 us
served 518500 cold layer calls, mean 140.1 us
served 519000 cold layer calls, mean 140.0 us
served 519500 cold layer calls, mean 140.0 us
served 520000 cold layer calls, mean 139.9 us
served 520500 cold layer calls, mean 139.9 us
served 521000 cold layer calls, mean 139.9 us
served 521500 cold layer calls, mean 139.8 us
served 522000 cold layer calls, mean 139.8 us
served 522500 cold layer calls, mean 139.8 us
served 523000 cold layer calls, mean 139.8 us
served 523500 cold layer calls, mean 139.7 us
served 524000 cold layer calls, mean 139.7 us
served 524500 cold layer calls, mean 139.7 us
served 525000 cold layer calls, mean 139.6 us
served 525500 cold layer calls, mean 139.6 us
served 526000 cold layer calls, mean 139.6 us
served 526500 cold layer calls, mean 139.6 us
served 527000 cold layer calls, mean 139.5 us
served 527500 cold layer calls, mean 139.5 us
served 528000 cold layer calls, mean 139.5 us
served 528500 cold layer calls, mean 139.4 us
served 529000 cold layer calls, mean 139.4 us
served 529500 cold layer calls, mean 139.3 us
served 530000 cold layer calls, mean 139.3 us
served 530500 cold layer calls, mean 139.3 us
served 531000 cold layer calls, mean 139.2 us
served 531500 cold layer calls, mean 139.2 us
served 532000 cold layer calls, mean 139.1 us
served 532500 cold layer calls, mean 139.1 us
served 533000 cold layer calls, mean 139.1 us
served 533500 cold layer calls, mean 139.0 us
served 534000 cold layer calls, mean 139.0 us
served 534500 cold layer calls, mean 139.0 us
served 535000 cold layer calls, mean 138.9 us
served 535500 cold layer calls, mean 138.9 us
served 536000 cold layer calls, mean 138.8 us
served 536500 cold layer calls, mean 138.8 us
served 537000 cold layer calls, mean 138.8 us
served 537500 cold layer calls, mean 138.7 us
served 538000 cold layer calls, mean 138.7 us
served 538500 cold layer calls, mean 138.6 us
served 539000 cold layer calls, mean 138.6 us
served 539500 cold layer calls, mean 138.6 us
served 540000 cold layer calls, mean 138.5 us
served 540500 cold layer calls, mean 138.5 us
served 541000 cold layer calls, mean 138.4 us
served 541500 cold layer calls, mean 138.4 us
served 542000 cold layer calls, mean 138.3 us
served 542500 cold layer calls, mean 138.3 us
served 543000 cold layer calls, mean 138.2 us
served 543500 cold layer calls, mean 138.2 us
served 544000 cold layer calls, mean 138.2 us
served 544500 cold layer calls, mean 138.1 us
served 545000 cold layer calls, mean 138.1 us
served 545500 cold layer calls, mean 138.1 us
served 546000 cold layer calls, mean 138.0 us
served 546500 cold layer calls, mean 138.0 us
served 547000 cold layer calls, mean 137.9 us
served 547500 cold layer calls, mean 137.9 us
served 548000 cold layer calls, mean 137.8 us
served 548500 cold layer calls, mean 137.8 us
served 549000 cold layer calls, mean 137.7 us
served 549500 cold layer calls, mean 137.7 us
served 550000 cold layer calls, mean 137.7 us
served 550500 cold layer calls, mean 137.6 us
served 551000 cold layer calls, mean 137.6 us
served 551500 cold layer calls, mean 137.5 us
served 552000 cold layer calls, mean 137.5 us
served 552500 cold layer calls, mean 137.5 us
served 553000 cold layer calls, mean 137.4 us
served 553500 cold layer calls, mean 137.4 us
served 554000 cold layer calls, mean 137.3 us
served 554500 cold layer calls, mean 137.3 us
served 555000 cold layer calls, mean 137.3 us
served 555500 cold layer calls, mean 137.2 us
served 556000 cold layer calls, mean 137.2 us
served 556500 cold layer calls, mean 137.2 us
served 557000 cold layer calls, mean 137.2 us
served 557500 cold layer calls, mean 137.1 us
served 558000 cold layer calls, mean 137.1 us
served 558500 cold layer calls, mean 137.1 us
served 559000 cold layer calls, mean 137.0 us
served 559500 cold layer calls, mean 137.0 us
served 560000 cold layer calls, mean 136.9 us
served 560500 cold layer calls, mean 136.9 us
served 561000 cold layer calls, mean 136.9 us
served 561500 cold layer calls, mean 136.9 us
served 562000 cold layer calls, mean 136.8 us
served 562500 cold layer calls, mean 136.8 us
served 563000 cold layer calls, mean 136.8 us
served 563500 cold layer calls, mean 136.7 us
served 564000 cold layer calls, mean 136.7 us
served 564500 cold layer calls, mean 136.7 us
served 565000 cold layer calls, mean 136.7 us
served 565500 cold layer calls, mean 136.6 us
served 566000 cold layer calls, mean 136.6 us
served 566500 cold layer calls, mean 136.5 us
served 567000 cold layer calls, mean 136.5 us
served 567500 cold layer calls, mean 136.5 us
served 568000 cold layer calls, mean 136.4 us
served 568500 cold layer calls, mean 136.4 us
served 569000 cold layer calls, mean 136.4 us
served 569500 cold layer calls, mean 136.3 us
served 570000 cold layer calls, mean 136.3 us
served 570500 cold layer calls, mean 136.2 us
served 571000 cold layer calls, mean 136.2 us
served 571500 cold layer calls, mean 136.2 us
served 572000 cold layer calls, mean 136.1 us
served 572500 cold layer calls, mean 136.1 us
served 573000 cold layer calls, mean 136.1 us
served 573500 cold layer calls, mean 136.0 us
served 574000 cold layer calls, mean 136.0 us
served 574500 cold layer calls, mean 135.9 us
served 575000 cold layer calls, mean 135.9 us
served 575500 cold layer calls, mean 135.9 us
served 576000 cold layer calls, mean 135.8 us
served 576500 cold layer calls, mean 135.8 us
served 577000 cold layer calls, mean 135.8 us
served 577500 cold layer calls, mean 135.7 us
served 578000 cold layer calls, mean 135.7 us
served 578500 cold layer calls, mean 135.7 us
served 579000 cold layer calls, mean 135.6 us
served 579500 cold layer calls, mean 135.6 us
served 580000 cold layer calls, mean 135.5 us
served 580500 cold layer calls, mean 135.5 us
served 581000 cold layer calls, mean 135.4 us
served 581500 cold layer calls, mean 135.4 us
served 582000 cold layer calls, mean 135.4 us
served 582500 cold layer calls, mean 135.3 us
served 583000 cold layer calls, mean 135.3 us
served 583500 cold layer calls, mean 135.3 us
served 584000 cold layer calls, mean 135.2 us
served 584500 cold layer calls, mean 135.2 us
served 585000 cold layer calls, mean 135.2 us
served 585500 cold layer calls, mean 135.1 us
served 586000 cold layer calls, mean 135.1 us
served 586500 cold layer calls, mean 135.0 us
served 587000 cold layer calls, mean 135.0 us
served 587500 cold layer calls, mean 134.9 us
served 588000 cold layer calls, mean 134.9 us
served 588500 cold layer calls, mean 134.9 us
served 589000 cold layer calls, mean 134.8 us
served 589500 cold layer calls, mean 134.8 us
served 590000 cold layer calls, mean 134.8 us
served 590500 cold layer calls, mean 134.7 us
served 591000 cold layer calls, mean 134.7 us
served 591500 cold layer calls, mean 134.7 us
served 592000 cold layer calls, mean 134.7 us
served 592500 cold layer calls, mean 134.6 us
served 593000 cold layer calls, mean 134.6 us
served 593500 cold layer calls, mean 134.6 us
served 594000 cold layer calls, mean 134.5 us
served 594500 cold layer calls, mean 134.5 us
served 595000 cold layer calls, mean 134.4 us
served 595500 cold layer calls, mean 134.4 us
served 596000 cold layer calls, mean 134.4 us
served 596500 cold layer calls, mean 134.3 us
served 597000 cold layer calls, mean 134.3 us
served 597500 cold layer calls, mean 134.2 us
served 598000 cold layer calls, mean 134.2 us
served 598500 cold layer calls, mean 134.2 us
served 599000 cold layer calls, mean 134.1 us
served 599500 cold layer calls, mean 134.1 us
served 600000 cold layer calls, mean 134.1 us
served 600500 cold layer calls, mean 134.0 us
served 601000 cold layer calls, mean 134.0 us
served 601500 cold layer calls, mean 134.0 us
served 602000 cold layer calls, mean 133.9 us
served 602500 cold layer calls, mean 133.9 us
served 603000 cold layer calls, mean 133.9 us
served 603500 cold layer calls, mean 133.8 us
served 604000 cold layer calls, mean 133.8 us
served 604500 cold layer calls, mean 133.7 us
served 605000 cold layer calls, mean 133.7 us
served 605500 cold layer calls, mean 133.7 us
served 606000 cold layer calls, mean 133.7 us
served 606500 cold layer calls, mean 133.6 us
served 607000 cold layer calls, mean 133.6 us
served 607500 cold layer calls, mean 133.6 us
served 608000 cold layer calls, mean 133.5 us
served 608500 cold layer calls, mean 133.5 us
served 609000 cold layer calls, mean 133.5 us
served 609500 cold layer calls, mean 133.4 us
served 610000 cold layer calls, mean 133.4 us
served 610500 cold layer calls, mean 133.4 us
served 611000 cold layer calls, mean 133.4 us
served 611500 cold layer calls, mean 133.3 us
served 612000 cold layer calls, mean 133.3 us
served 612500 cold layer calls, mean 133.3 us
served 613000 cold layer calls, mean 133.2 us
served 613500 cold layer calls, mean 133.2 us
served 614000 cold layer calls, mean 133.2 us
served 614500 cold layer calls, mean 133.2 us
served 615000 cold layer calls, mean 133.1 us
served 615500 cold layer calls, mean 133.1 us
served 616000 cold layer calls, mean 133.1 us
served 616500 cold layer calls, mean 133.1 us
served 617000 cold layer calls, mean 133.0 us
served 617500 cold layer calls, mean 133.0 us
served 618000 cold layer calls, mean 133.0 us
served 618500 cold layer calls, mean 132.9 us
served 619000 cold layer calls, mean 132.9 us
served 619500 cold layer calls, mean 132.9 us
served 620000 cold layer calls, mean 132.9 us
served 620500 cold layer calls, mean 132.8 us
served 621000 cold layer calls, mean 132.8 us
served 621500 cold layer calls, mean 132.8 us
served 622000 cold layer calls, mean 132.7 us
served 622500 cold layer calls, mean 132.7 us
served 623000 cold layer calls, mean 132.7 us
served 623500 cold layer calls, mean 132.6 us
served 624000 cold layer calls, mean 132.6 us
served 624500 cold layer calls, mean 132.6 us
served 625000 cold layer calls, mean 132.5 us
served 625500 cold layer calls, mean 132.5 us
served 626000 cold layer calls, mean 132.5 us
served 626500 cold layer calls, mean 132.4 us
served 627000 cold layer calls, mean 132.4 us
served 627500 cold layer calls, mean 132.4 us
served 628000 cold layer calls, mean 132.3 us
served 628500 cold layer calls, mean 132.3 us
served 629000 cold layer calls, mean 132.3 us
served 629500 cold layer calls, mean 132.3 us
served 630000 cold layer calls, mean 132.2 us
served 630500 cold layer calls, mean 132.2 us
served 631000 cold layer calls, mean 132.2 us
served 631500 cold layer calls, mean 132.1 us
served 632000 cold layer calls, mean 132.1 us
served 632500 cold layer calls, mean 132.1 us
served 633000 cold layer calls, mean 132.1 us
served 633500 cold layer calls, mean 132.0 us
served 634000 cold layer calls, mean 132.0 us
served 634500 cold layer calls, mean 132.0 us
served 635000 cold layer calls, mean 131.9 us
served 635500 cold layer calls, mean 131.9 us
served 636000 cold layer calls, mean 131.9 us
served 636500 cold layer calls, mean 131.8 us
served 637000 cold layer calls, mean 131.8 us
served 637500 cold layer calls, mean 131.8 us
served 638000 cold layer calls, mean 131.8 us
served 638500 cold layer calls, mean 131.7 us
served 639000 cold layer calls, mean 131.7 us
served 639500 cold layer calls, mean 131.7 us
served 640000 cold layer calls, mean 131.7 us
served 640500 cold layer calls, mean 131.7 us
served 641000 cold layer calls, mean 131.6 us
served 641500 cold layer calls, mean 131.6 us
served 642000 cold layer calls, mean 131.6 us
served 642500 cold layer calls, mean 131.6 us
served 643000 cold layer calls, mean 131.5 us
served 643500 cold layer calls, mean 131.5 us
served 644000 cold layer calls, mean 131.5 us
served 644500 cold layer calls, mean 131.5 us
served 645000 cold layer calls, mean 131.5 us
served 645500 cold layer calls, mean 131.4 us
served 646000 cold layer calls, mean 131.4 us
served 646500 cold layer calls, mean 131.4 us
served 647000 cold layer calls, mean 131.4 us
served 647500 cold layer calls, mean 131.4 us
served 648000 cold layer calls, mean 131.3 us
served 648500 cold layer calls, mean 131.3 us
served 649000 cold layer calls, mean 131.3 us
served 649500 cold layer calls, mean 131.3 us
served 650000 cold layer calls, mean 131.2 us
served 650500 cold layer calls, mean 131.2 us
served 651000 cold layer calls, mean 131.2 us
served 651500 cold layer calls, mean 131.2 us
served 652000 cold layer calls, mean 131.1 us
served 652500 cold layer calls, mean 131.1 us
served 653000 cold layer calls, mean 131.1 us
served 653500 cold layer calls, mean 131.0 us
served 654000 cold layer calls, mean 131.0 us
served 654500 cold layer calls, mean 131.0 us
served 655000 cold layer calls, mean 130.9 us
served 655500 cold layer calls, mean 130.9 us
served 656000 cold layer calls, mean 130.9 us
served 656500 cold layer calls, mean 130.8 us
served 657000 cold layer calls, mean 130.8 us
served 657500 cold layer calls, mean 130.8 us
served 658000 cold layer calls, mean 130.8 us
served 658500 cold layer calls, mean 130.7 us
served 659000 cold layer calls, mean 130.7 us
served 659500 cold layer calls, mean 130.7 us
served 660000 cold layer calls, mean 130.6 us
served 660500 cold layer calls, mean 130.6 us
served 661000 cold layer calls, mean 130.6 us
served 661500 cold layer calls, mean 130.5 us
served 662000 cold layer calls, mean 130.5 us
served 662500 cold layer calls, mean 130.5 us
served 663000 cold layer calls, mean 130.4 us
served 663500 cold layer calls, mean 130.4 us
served 664000 cold layer calls, mean 130.4 us
served 664500 cold layer calls, mean 130.3 us
served 665000 cold layer calls, mean 130.3 us
served 665500 cold layer calls, mean 130.3 us
served 666000 cold layer calls, mean 130.3 us
served 666500 cold layer calls, mean 130.2 us
served 667000 cold layer calls, mean 130.2 us
served 667500 cold layer calls, mean 130.2 us
served 668000 cold layer calls, mean 130.2 us
served 668500 cold layer calls, mean 130.1 us
served 669000 cold layer calls, mean 130.1 us
served 669500 cold layer calls, mean 130.1 us
served 670000 cold layer calls, mean 130.0 us
served 670500 cold layer calls, mean 130.0 us
served 671000 cold layer calls, mean 130.0 us
served 671500 cold layer calls, mean 129.9 us
served 672000 cold layer calls, mean 129.9 us
served 672500 cold layer calls, mean 129.9 us
served 673000 cold layer calls, mean 129.8 us
served 673500 cold layer calls, mean 129.8 us
served 674000 cold layer calls, mean 129.8 us
served 674500 cold layer calls, mean 129.8 us
served 675000 cold layer calls, mean 129.7 us
served 675500 cold layer calls, mean 129.7 us
served 676000 cold layer calls, mean 129.7 us
served 676500 cold layer calls, mean 129.6 us
served 677000 cold layer calls, mean 129.6 us
served 677500 cold layer calls, mean 129.6 us
served 678000 cold layer calls, mean 129.6 us
served 678500 cold layer calls, mean 129.5 us
served 679000 cold layer calls, mean 129.5 us
served 679500 cold layer calls, mean 129.5 us
served 680000 cold layer calls, mean 129.5 us
served 680500 cold layer calls, mean 129.4 us
served 681000 cold layer calls, mean 129.4 us
served 681500 cold layer calls, mean 129.4 us
served 682000 cold layer calls, mean 129.3 us
served 682500 cold layer calls, mean 129.3 us
served 683000 cold layer calls, mean 129.3 us
served 683500 cold layer calls, mean 129.3 us
served 684000 cold layer calls, mean 129.2 us
served 684500 cold layer calls, mean 129.2 us
served 685000 cold layer calls, mean 129.2 us
served 685500 cold layer calls, mean 129.1 us
served 686000 cold layer calls, mean 129.1 us
served 686500 cold layer calls, mean 129.1 us
served 687000 cold layer calls, mean 129.1 us
served 687500 cold layer calls, mean 129.0 us
served 688000 cold layer calls, mean 129.0 us
served 688500 cold layer calls, mean 129.0 us
served 689000 cold layer calls, mean 128.9 us
served 689500 cold layer calls, mean 128.9 us
served 690000 cold layer calls, mean 128.9 us
served 690500 cold layer calls, mean 128.8 us
served 691000 cold layer calls, mean 128.8 us
served 691500 cold layer calls, mean 128.8 us
served 692000 cold layer calls, mean 128.8 us
served 692500 cold layer calls, mean 128.7 us
served 693000 cold layer calls, mean 128.7 us
served 693500 cold layer calls, mean 128.7 us
served 694000 cold layer calls, mean 128.6 us
served 694500 cold layer calls, mean 128.6 us
served 695000 cold layer calls, mean 128.6 us
served 695500 cold layer calls, mean 128.6 us
served 696000 cold layer calls, mean 128.5 us
served 696500 cold layer calls, mean 128.5 us
served 697000 cold layer calls, mean 128.5 us
served 697500 cold layer calls, mean 128.5 us
served 698000 cold layer calls, mean 128.4 us
served 698500 cold layer calls, mean 128.4 us
served 699000 cold layer calls, mean 128.4 us
served 699500 cold layer calls, mean 128.4 us
served 700000 cold layer calls, mean 128.4 us
served 700500 cold layer calls, mean 128.4 us
served 701000 cold layer calls, mean 128.3 us
served 701500 cold layer calls, mean 128.3 us
served 702000 cold layer calls, mean 128.3 us
served 702500 cold layer calls, mean 128.3 us
served 703000 cold layer calls, mean 128.3 us
served 703500 cold layer calls, mean 128.2 us
served 704000 cold layer calls, mean 128.2 us
served 704500 cold layer calls, mean 128.2 us
served 705000 cold layer calls, mean 128.1 us
served 705500 cold layer calls, mean 128.1 us
served 706000 cold layer calls, mean 128.1 us
served 706500 cold layer calls, mean 128.1 us
served 707000 cold layer calls, mean 128.0 us
served 707500 cold layer calls, mean 128.0 us
served 708000 cold layer calls, mean 128.0 us
served 708500 cold layer calls, mean 128.0 us
served 709000 cold layer calls, mean 127.9 us
served 709500 cold layer calls, mean 127.9 us
served 710000 cold layer calls, mean 127.9 us
served 710500 cold layer calls, mean 127.9 us
served 711000 cold layer calls, mean 127.9 us
served 711500 cold layer calls, mean 127.8 us
served 712000 cold layer calls, mean 127.8 us
served 712500 cold layer calls, mean 127.8 us
served 713000 cold layer calls, mean 127.8 us
served 713500 cold layer calls, mean 127.7 us
served 714000 cold layer calls, mean 127.7 us
served 714500 cold layer calls, mean 127.7 us
served 715000 cold layer calls, mean 127.6 us
served 715500 cold layer calls, mean 127.6 us
served 716000 cold layer calls, mean 127.6 us
served 716500 cold layer calls, mean 127.6 us
served 717000 cold layer calls, mean 127.5 us
served 717500 cold layer calls, mean 127.5 us
served 718000 cold layer calls, mean 127.5 us
served 718500 cold layer calls, mean 127.5 us
served 719000 cold layer calls, mean 127.4 us
served 719500 cold layer calls, mean 127.4 us
served 720000 cold layer calls, mean 127.4 us
served 720500 cold layer calls, mean 127.4 us
served 721000 cold layer calls, mean 127.3 us
served 721500 cold layer calls, mean 127.3 us
served 722000 cold layer calls, mean 127.3 us
served 722500 cold layer calls, mean 127.3 us
served 723000 cold layer calls, mean 127.3 us
served 723500 cold layer calls, mean 127.2 us
served 724000 cold layer calls, mean 127.2 us
served 724500 cold layer calls, mean 127.2 us
served 725000 cold layer calls, mean 127.2 us
served 725500 cold layer calls, mean 127.2 us
served 726000 cold layer calls, mean 127.2 us
served 726500 cold layer calls, mean 127.2 us
served 727000 cold layer calls, mean 127.2 us
served 727500 cold layer calls, mean 127.2 us
served 728000 cold layer calls, mean 127.2 us
served 728500 cold layer calls, mean 127.2 us
served 729000 cold layer calls, mean 127.2 us
served 729500 cold layer calls, mean 127.2 us
served 730000 cold layer calls, mean 127.2 us
served 730500 cold layer calls, mean 127.2 us
served 731000 cold layer calls, mean 127.2 us
served 731500 cold layer calls, mean 127.1 us
served 732000 cold layer calls, mean 127.1 us
served 732500 cold layer calls, mean 127.1 us
served 733000 cold layer calls, mean 127.1 us
served 733500 cold layer calls, mean 127.1 us
served 734000 cold layer calls, mean 127.1 us
served 734500 cold layer calls, mean 127.1 us
served 735000 cold layer calls, mean 127.1 us
served 735500 cold layer calls, mean 127.1 us
served 736000 cold layer calls, mean 127.1 us
served 736500 cold layer calls, mean 127.1 us
served 737000 cold layer calls, mean 127.1 us
served 737500 cold layer calls, mean 127.1 us
served 738000 cold layer calls, mean 127.1 us
served 738500 cold layer calls, mean 127.1 us
served 739000 cold layer calls, mean 127.1 us
served 739500 cold layer calls, mean 127.1 us
served 740000 cold layer calls, mean 127.1 us
served 740500 cold layer calls, mean 127.1 us
served 741000 cold layer calls, mean 127.1 us
served 741500 cold layer calls, mean 127.1 us
served 742000 cold layer calls, mean 127.1 us
served 742500 cold layer calls, mean 127.1 us
served 743000 cold layer calls, mean 127.1 us
served 743500 cold layer calls, mean 127.1 us
served 744000 cold layer calls, mean 127.1 us
served 744500 cold layer calls, mean 127.1 us
served 745000 cold layer calls, mean 127.1 us
served 745500 cold layer calls, mean 127.0 us
served 746000 cold layer calls, mean 127.0 us
served 746500 cold layer calls, mean 127.0 us
served 747000 cold layer calls, mean 127.0 us
served 747500 cold layer calls, mean 127.0 us
served 748000 cold layer calls, mean 127.0 us
served 748500 cold layer calls, mean 127.0 us
served 749000 cold layer calls, mean 127.0 us
served 749500 cold layer calls, mean 127.0 us
served 750000 cold layer calls, mean 127.0 us
served 750500 cold layer calls, mean 127.0 us
served 751000 cold layer calls, mean 126.9 us
served 751500 cold layer calls, mean 126.9 us
served 752000 cold layer calls, mean 126.9 us
served 752500 cold layer calls, mean 126.9 us
served 753000 cold layer calls, mean 126.9 us
served 753500 cold layer calls, mean 126.9 us
served 754000 cold layer calls, mean 126.9 us
served 754500 cold layer calls, mean 126.9 us
served 755000 cold layer calls, mean 126.9 us
served 755500 cold layer calls, mean 126.9 us
served 756000 cold layer calls, mean 126.9 us
served 756500 cold layer calls, mean 126.9 us
served 757000 cold layer calls, mean 126.8 us
served 757500 cold layer calls, mean 126.8 us
served 758000 cold layer calls, mean 126.8 us
served 758500 cold layer calls, mean 126.8 us
served 759000 cold layer calls, mean 126.8 us
served 759500 cold layer calls, mean 126.8 us
served 760000 cold layer calls, mean 126.8 us
served 760500 cold layer calls, mean 126.8 us
served 761000 cold layer calls, mean 126.8 us
served 761500 cold layer calls, mean 126.8 us
served 762000 cold layer calls, mean 126.8 us
served 762500 cold layer calls, mean 126.8 us
served 763000 cold layer calls, mean 126.8 us
served 763500 cold layer calls, mean 126.8 us
served 764000 cold layer calls, mean 126.8 us
served 764500 cold layer calls, mean 126.9 us
served 765000 cold layer calls, mean 126.9 us
served 765500 cold layer calls, mean 126.9 us
served 766000 cold layer calls, mean 126.9 us
served 766500 cold layer calls, mean 126.9 us
served 767000 cold layer calls, mean 126.9 us
served 767500 cold layer calls, mean 126.9 us
served 768000 cold layer calls, mean 126.9 us
served 768500 cold layer calls, mean 126.9 us
served 769000 cold layer calls, mean 126.9 us
served 769500 cold layer calls, mean 126.9 us
served 770000 cold layer calls, mean 126.9 us
served 770500 cold layer calls, mean 126.9 us
served 771000 cold layer calls, mean 126.9 us
served 771500 cold layer calls, mean 126.9 us
served 772000 cold layer calls, mean 126.9 us
served 772500 cold layer calls, mean 126.9 us
served 773000 cold layer calls, mean 126.9 us
served 773500 cold layer calls, mean 126.8 us
served 774000 cold layer calls, mean 126.8 us
served 774500 cold layer calls, mean 126.8 us
served 775000 cold layer calls, mean 126.8 us
served 775500 cold layer calls, mean 126.8 us
served 776000 cold layer calls, mean 126.8 us
served 776500 cold layer calls, mean 126.7 us
served 777000 cold layer calls, mean 126.7 us
served 777500 cold layer calls, mean 126.7 us
served 778000 cold layer calls, mean 126.7 us
served 778500 cold layer calls, mean 126.7 us
served 779000 cold layer calls, mean 126.7 us
served 779500 cold layer calls, mean 126.7 us
served 780000 cold layer calls, mean 126.7 us
served 780500 cold layer calls, mean 126.7 us
served 781000 cold layer calls, mean 126.7 us
served 781500 cold layer calls, mean 126.7 us
served 782000 cold layer calls, mean 126.7 us
served 782500 cold layer calls, mean 126.7 us
served 783000 cold layer calls, mean 126.7 us
served 783500 cold layer calls, mean 126.7 us
served 784000 cold layer calls, mean 126.7 us
served 784500 cold layer calls, mean 126.7 us
served 785000 cold layer calls, mean 126.7 us
served 785500 cold layer calls, mean 126.7 us
served 786000 cold layer calls, mean 126.7 us
served 786500 cold layer calls, mean 126.7 us
served 787000 cold layer calls, mean 126.7 us
served 787500 cold layer calls, mean 126.7 us
served 788000 cold layer calls, mean 126.7 us
served 788500 cold layer calls, mean 126.7 us
served 789000 cold layer calls, mean 126.8 us
served 789500 cold layer calls, mean 126.8 us
served 790000 cold layer calls, mean 126.8 us
served 790500 cold layer calls, mean 126.8 us
served 791000 cold layer calls, mean 126.8 us
served 791500 cold layer calls, mean 126.8 us
served 792000 cold layer calls, mean 126.8 us
served 792500 cold layer calls, mean 126.9 us
served 793000 cold layer calls, mean 126.9 us
served 793500 cold layer calls, mean 126.9 us
served 794000 cold layer calls, mean 126.9 us
served 794500 cold layer calls, mean 126.9 us
served 795000 cold layer calls, mean 126.9 us
served 795500 cold layer calls, mean 126.9 us
served 796000 cold layer calls, mean 126.9 us
served 796500 cold layer calls, mean 127.0 us
served 797000 cold layer calls, mean 127.0 us
served 797500 cold layer calls, mean 127.0 us
served 798000 cold layer calls, mean 127.0 us
served 798500 cold layer calls, mean 127.0 us
served 799000 cold layer calls, mean 127.0 us
served 799500 cold layer calls, mean 127.0 us
served 800000 cold layer calls, mean 127.0 us
served 800500 cold layer calls, mean 127.0 us
served 801000 cold layer calls, mean 127.0 us
served 801500 cold layer calls, mean 127.0 us
served 802000 cold layer calls, mean 127.0 us
served 802500 cold layer calls, mean 126.9 us
served 803000 cold layer calls, mean 126.9 us
served 803500 cold layer calls, mean 126.9 us
served 804000 cold layer calls, mean 126.9 us
served 804500 cold layer calls, mean 126.9 us
served 805000 cold layer calls, mean 127.0 us
served 805500 cold layer calls, mean 127.0 us
served 806000 cold layer calls, mean 127.0 us
served 806500 cold layer calls, mean 127.1 us
served 807000 cold layer calls, mean 127.1 us
served 807500 cold layer calls, mean 127.1 us
served 808000 cold layer calls, mean 127.2 us
served 808500 cold layer calls, mean 127.2 us
served 809000 cold layer calls, mean 127.2 us
served 809500 cold layer calls, mean 127.3 us
served 810000 cold layer calls, mean 127.3 us
served 810500 cold layer calls, mean 127.3 us
served 811000 cold layer calls, mean 127.3 us
served 811500 cold layer calls, mean 127.4 us
served 812000 cold layer calls, mean 127.4 us
served 812500 cold layer calls, mean 127.4 us
served 813000 cold layer calls, mean 127.4 us
served 813500 cold layer calls, mean 127.5 us
served 814000 cold layer calls, mean 127.5 us
served 814500 cold layer calls, mean 127.5 us
served 815000 cold layer calls, mean 127.6 us
served 815500 cold layer calls, mean 127.6 us
served 816000 cold layer calls, mean 127.6 us
served 816500 cold layer calls, mean 127.6 us
served 817000 cold layer calls, mean 127.6 us
served 817500 cold layer calls, mean 127.7 us
served 818000 cold layer calls, mean 127.7 us
served 818500 cold layer calls, mean 127.7 us
served 819000 cold layer calls, mean 127.8 us
served 819500 cold layer calls, mean 127.8 us
served 820000 cold layer calls, mean 127.9 us
served 820500 cold layer calls, mean 127.9 us
served 821000 cold layer calls, mean 127.9 us
served 821500 cold layer calls, mean 128.0 us
served 822000 cold layer calls, mean 128.0 us
served 822500 cold layer calls, mean 128.1 us
served 823000 cold layer calls, mean 128.1 us
served 823500 cold layer calls, mean 128.1 us
served 824000 cold layer calls, mean 128.1 us
served 824500 cold layer calls, mean 128.2 us
served 825000 cold layer calls, mean 128.2 us
served 825500 cold layer calls, mean 128.2 us
served 826000 cold layer calls, mean 128.3 us
served 826500 cold layer calls, mean 128.3 us
served 827000 cold layer calls, mean 128.3 us
served 827500 cold layer calls, mean 128.3 us
served 828000 cold layer calls, mean 128.4 us
served 828500 cold layer calls, mean 128.4 us
served 829000 cold layer calls, mean 128.5 us
served 829500 cold layer calls, mean 128.5 us
served 830000 cold layer calls, mean 128.6 us
served 830500 cold layer calls, mean 128.6 us
served 831000 cold layer calls, mean 128.6 us
served 831500 cold layer calls, mean 128.6 us
served 832000 cold layer calls, mean 128.7 us
served 832500 cold layer calls, mean 128.7 us
served 833000 cold layer calls, mean 128.7 us
served 833500 cold layer calls, mean 128.8 us
served 834000 cold layer calls, mean 128.8 us
served 834500 cold layer calls, mean 128.8 us
served 835000 cold layer calls, mean 128.9 us
served 835500 cold layer calls, mean 128.9 us
served 836000 cold layer calls, mean 129.0 us
served 836500 cold layer calls, mean 129.0 us
served 837000 cold layer calls, mean 129.1 us
served 837500 cold layer calls, mean 129.1 us
served 838000 cold layer calls, mean 129.1 us
served 838500 cold layer calls, mean 129.2 us
served 839000 cold layer calls, mean 129.2 us
served 839500 cold layer calls, mean 129.2 us
served 840000 cold layer calls, mean 129.3 us
served 840500 cold layer calls, mean 129.3 us
served 841000 cold layer calls, mean 129.4 us
served 841500 cold layer calls, mean 129.4 us
served 842000 cold layer calls, mean 129.4 us
served 842500 cold layer calls, mean 129.4 us
served 843000 cold layer calls, mean 129.5 us
served 843500 cold layer calls, mean 129.5 us
served 844000 cold layer calls, mean 129.5 us
served 844500 cold layer calls, mean 129.6 us
served 845000 cold layer calls, mean 129.6 us
served 845500 cold layer calls, mean 129.7 us
served 846000 cold layer calls, mean 129.7 us
served 846500 cold layer calls, mean 129.7 us
served 847000 cold layer calls, mean 129.8 us
served 847500 cold layer calls, mean 129.8 us
served 848000 cold layer calls, mean 129.9 us
served 848500 cold layer calls, mean 129.9 us
served 849000 cold layer calls, mean 130.0 us
served 849500 cold layer calls, mean 130.1 us
served 850000 cold layer calls, mean 130.1 us
served 850500 cold layer calls, mean 130.2 us
served 851000 cold layer calls, mean 130.2 us
served 851500 cold layer calls, mean 130.2 us
served 852000 cold layer calls, mean 130.3 us
served 852500 cold layer calls, mean 130.3 us
served 853000 cold layer calls, mean 130.3 us
served 853500 cold layer calls, mean 130.4 us
served 854000 cold layer calls, mean 130.4 us
served 854500 cold layer calls, mean 130.4 us
served 855000 cold layer calls, mean 130.5 us
served 855500 cold layer calls, mean 130.5 us
served 856000 cold layer calls, mean 130.5 us
served 856500 cold layer calls, mean 130.6 us
served 857000 cold layer calls, mean 130.6 us
served 857500 cold layer calls, mean 130.7 us
served 858000 cold layer calls, mean 130.7 us
served 858500 cold layer calls, mean 130.8 us
served 859000 cold layer calls, mean 130.8 us
served 859500 cold layer calls, mean 130.8 us
served 860000 cold layer calls, mean 130.9 us
served 860500 cold layer calls, mean 130.9 us
served 861000 cold layer calls, mean 130.9 us
served 861500 cold layer calls, mean 130.9 us
served 862000 cold layer calls, mean 131.0 us
served 862500 cold layer calls, mean 131.0 us
served 863000 cold layer calls, mean 131.0 us
served 863500 cold layer calls, mean 131.1 us
served 864000 cold layer calls, mean 131.1 us
served 864500 cold layer calls, mean 131.1 us
served 865000 cold layer calls, mean 131.2 us
served 865500 cold layer calls, mean 131.2 us
served 866000 cold layer calls, mean 131.2 us
served 866500 cold layer calls, mean 131.3 us
served 867000 cold layer calls, mean 131.3 us
served 867500 cold layer calls, mean 131.3 us
served 868000 cold layer calls, mean 131.4 us
served 868500 cold layer calls, mean 131.4 us
served 869000 cold layer calls, mean 131.4 us
served 869500 cold layer calls, mean 131.4 us
served 870000 cold layer calls, mean 131.4 us
served 870500 cold layer calls, mean 131.5 us
served 871000 cold layer calls, mean 131.5 us
served 871500 cold layer calls, mean 131.5 us
served 872000 cold layer calls, mean 131.5 us
served 872500 cold layer calls, mean 131.5 us
served 873000 cold layer calls, mean 131.6 us
served 873500 cold layer calls, mean 131.6 us
served 874000 cold layer calls, mean 131.6 us
served 874500 cold layer calls, mean 131.7 us
served 875000 cold layer calls, mean 131.7 us
served 875500 cold layer calls, mean 131.7 us
served 876000 cold layer calls, mean 131.8 us
served 876500 cold layer calls, mean 131.9 us
served 877000 cold layer calls, mean 131.9 us
served 877500 cold layer calls, mean 131.9 us
served 878000 cold layer calls, mean 131.9 us
served 878500 cold layer calls, mean 131.9 us
served 879000 cold layer calls, mean 131.9 us
served 879500 cold layer calls, mean 131.9 us
served 880000 cold layer calls, mean 131.9 us
served 880500 cold layer calls, mean 131.9 us
served 881000 cold layer calls, mean 131.9 us
served 881500 cold layer calls, mean 131.9 us
served 882000 cold layer calls, mean 131.9 us
served 882500 cold layer calls, mean 131.9 us
served 883000 cold layer calls, mean 131.9 us
served 883500 cold layer calls, mean 131.9 us
served 884000 cold layer calls, mean 131.9 us
served 884500 cold layer calls, mean 131.9 us
served 885000 cold layer calls, mean 131.9 us
served 885500 cold layer calls, mean 131.9 us
served 886000 cold layer calls, mean 131.9 us
served 886500 cold layer calls, mean 131.9 us
served 887000 cold layer calls, mean 131.9 us
served 887500 cold layer calls, mean 131.9 us
served 888000 cold layer calls, mean 131.9 us
served 888500 cold layer calls, mean 131.9 us
served 889000 cold layer calls, mean 131.9 us
served 889500 cold layer calls, mean 131.9 us
served 890000 cold layer calls, mean 131.9 us
served 890500 cold layer calls, mean 131.9 us
served 891000 cold layer calls, mean 131.9 us
served 891500 cold layer calls, mean 131.9 us
served 892000 cold layer calls, mean 131.9 us
served 892500 cold layer calls, mean 131.9 us
served 893000 cold layer calls, mean 131.9 us
served 893500 cold layer calls, mean 131.9 us
served 894000 cold layer calls, mean 131.9 us
served 894500 cold layer calls, mean 131.9 us
served 895000 cold layer calls, mean 131.9 us
served 895500 cold layer calls, mean 131.9 us
served 896000 cold layer calls, mean 131.9 us
served 896500 cold layer calls, mean 132.0 us
served 897000 cold layer calls, mean 132.0 us
served 897500 cold layer calls, mean 132.0 us
served 898000 cold layer calls, mean 132.0 us
served 898500 cold layer calls, mean 132.0 us
served 899000 cold layer calls, mean 132.0 us
served 899500 cold layer calls, mean 132.0 us
served 900000 cold layer calls, mean 132.0 us
served 900500 cold layer calls, mean 132.0 us
served 901000 cold layer calls, mean 132.0 us
served 901500 cold layer calls, mean 132.0 us
served 902000 cold layer calls, mean 132.0 us
served 902500 cold layer calls, mean 132.0 us
served 903000 cold layer calls, mean 132.0 us
served 903500 cold layer calls, mean 132.0 us
served 904000 cold layer calls, mean 132.0 us
served 904500 cold layer calls, mean 132.0 us
served 905000 cold layer calls, mean 132.0 us
served 905500 cold layer calls, mean 132.0 us
served 906000 cold layer calls, mean 132.0 us
served 906500 cold layer calls, mean 132.0 us
served 907000 cold layer calls, mean 132.0 us
served 907500 cold layer calls, mean 132.0 us
served 908000 cold layer calls, mean 132.0 us
served 908500 cold layer calls, mean 132.0 us
served 909000 cold layer calls, mean 132.0 us
served 909500 cold layer calls, mean 132.0 us
served 910000 cold layer calls, mean 132.1 us
served 910500 cold layer calls, mean 132.1 us
served 911000 cold layer calls, mean 132.1 us
served 911500 cold layer calls, mean 132.1 us
served 912000 cold layer calls, mean 132.1 us
served 912500 cold layer calls, mean 132.1 us
served 913000 cold layer calls, mean 132.1 us
served 913500 cold layer calls, mean 132.1 us
served 914000 cold layer calls, mean 132.1 us
served 914500 cold layer calls, mean 132.1 us
served 915000 cold layer calls, mean 132.1 us
served 915500 cold layer calls, mean 132.1 us
served 916000 cold layer calls, mean 132.2 us
served 916500 cold layer calls, mean 132.2 us
served 917000 cold layer calls, mean 132.2 us
served 917500 cold layer calls, mean 132.2 us
served 918000 cold layer calls, mean 132.2 us
served 918500 cold layer calls, mean 132.2 us
served 919000 cold layer calls, mean 132.2 us
served 919500 cold layer calls, mean 132.2 us
served 920000 cold layer calls, mean 132.2 us
served 920500 cold layer calls, mean 132.3 us
served 921000 cold layer calls, mean 132.3 us
served 921500 cold layer calls, mean 132.3 us
served 922000 cold layer calls, mean 132.3 us
served 922500 cold layer calls, mean 132.3 us
served 923000 cold layer calls, mean 132.3 us
served 923500 cold layer calls, mean 132.3 us
served 924000 cold layer calls, mean 132.3 us
served 924500 cold layer calls, mean 132.3 us
served 925000 cold layer calls, mean 132.3 us
served 925500 cold layer calls, mean 132.3 us
served 926000 cold layer calls, mean 132.3 us
served 926500 cold layer calls, mean 132.3 us
served 927000 cold layer calls, mean 132.3 us
served 927500 cold layer calls, mean 132.3 us
served 928000 cold layer calls, mean 132.3 us
served 928500 cold layer calls, mean 132.3 us
served 929000 cold layer calls, mean 132.3 us
served 929500 cold layer calls, mean 132.3 us
served 930000 cold layer calls, mean 132.3 us
served 930500 cold layer calls, mean 132.3 us
served 931000 cold layer calls, mean 132.3 us
served 931500 cold layer calls, mean 132.3 us
served 932000 cold layer calls, mean 132.3 us
served 932500 cold layer calls, mean 132.3 us
served 933000 cold layer calls, mean 132.3 us
served 933500 cold layer calls, mean 132.3 us
served 934000 cold layer calls, mean 132.3 us
served 934500 cold layer calls, mean 132.3 us
served 935000 cold layer calls, mean 132.3 us
served 935500 cold layer calls, mean 132.3 us
served 936000 cold layer calls, mean 132.3 us
served 936500 cold layer calls, mean 132.3 us
served 937000 cold layer calls, mean 132.3 us
served 937500 cold layer calls, mean 132.3 us
served 938000 cold layer calls, mean 132.3 us
served 938500 cold layer calls, mean 132.3 us
served 939000 cold layer calls, mean 132.3 us
served 939500 cold layer calls, mean 132.3 us
served 940000 cold layer calls, mean 132.3 us
served 940500 cold layer calls, mean 132.3 us
served 941000 cold layer calls, mean 132.3 us
served 941500 cold layer calls, mean 132.3 us
served 942000 cold layer calls, mean 132.3 us
served 942500 cold layer calls, mean 132.3 us
served 943000 cold layer calls, mean 132.3 us
served 943500 cold layer calls, mean 132.3 us
served 944000 cold layer calls, mean 132.3 us
served 944500 cold layer calls, mean 132.3 us
served 945000 cold layer calls, mean 132.3 us
served 945500 cold layer calls, mean 132.3 us
served 946000 cold layer calls, mean 132.4 us
served 946500 cold layer calls, mean 132.4 us
served 947000 cold layer calls, mean 132.4 us
served 947500 cold layer calls, mean 132.4 us
served 948000 cold layer calls, mean 132.4 us
served 948500 cold layer calls, mean 132.4 us
served 949000 cold layer calls, mean 132.4 us
served 949500 cold layer calls, mean 132.5 us
served 950000 cold layer calls, mean 132.5 us
served 950500 cold layer calls, mean 132.5 us
served 951000 cold layer calls, mean 132.5 us
served 951500 cold layer calls, mean 132.5 us
served 952000 cold layer calls, mean 132.5 us
served 952500 cold layer calls, mean 132.5 us
served 953000 cold layer calls, mean 132.5 us
served 953500 cold layer calls, mean 132.5 us
served 954000 cold layer calls, mean 132.5 us
served 954500 cold layer calls, mean 132.5 us
served 955000 cold layer calls, mean 132.5 us
served 955500 cold layer calls, mean 132.5 us
served 956000 cold layer calls, mean 132.6 us
served 956500 cold layer calls, mean 132.6 us
served 957000 cold layer calls, mean 132.6 us
served 957500 cold layer calls, mean 132.6 us
served 958000 cold layer calls, mean 132.6 us
served 958500 cold layer calls, mean 132.6 us
served 959000 cold layer calls, mean 132.7 us
served 959500 cold layer calls, mean 132.7 us
served 960000 cold layer calls, mean 132.8 us
served 960500 cold layer calls, mean 132.8 us
served 961000 cold layer calls, mean 132.8 us
served 961500 cold layer calls, mean 132.9 us
served 962000 cold layer calls, mean 132.9 us
served 962500 cold layer calls, mean 133.0 us
served 963000 cold layer calls, mean 133.0 us
served 963500 cold layer calls, mean 133.1 us
served 964000 cold layer calls, mean 133.1 us
served 964500 cold layer calls, mean 133.2 us
served 965000 cold layer calls, mean 133.2 us
served 965500 cold layer calls, mean 133.2 us
served 966000 cold layer calls, mean 133.3 us
served 966500 cold layer calls, mean 133.3 us
served 967000 cold layer calls, mean 133.4 us
served 967500 cold layer calls, mean 133.4 us
served 968000 cold layer calls, mean 133.4 us
served 968500 cold layer calls, mean 133.5 us
served 969000 cold layer calls, mean 133.5 us
served 969500 cold layer calls, mean 133.5 us
served 970000 cold layer calls, mean 133.6 us
served 970500 cold layer calls, mean 133.6 us
served 971000 cold layer calls, mean 133.6 us
served 971500 cold layer calls, mean 133.7 us
served 972000 cold layer calls, mean 133.7 us
served 972500 cold layer calls, mean 133.8 us
served 973000 cold layer calls, mean 133.8 us
served 973500 cold layer calls, mean 133.8 us
served 974000 cold layer calls, mean 133.9 us
served 974500 cold layer calls, mean 133.9 us
served 975000 cold layer calls, mean 133.9 us
served 975500 cold layer calls, mean 134.0 us
served 976000 cold layer calls, mean 134.0 us
served 976500 cold layer calls, mean 134.1 us
served 977000 cold layer calls, mean 134.1 us
served 977500 cold layer calls, mean 134.2 us
served 978000 cold layer calls, mean 134.2 us
served 978500 cold layer calls, mean 134.3 us
served 979000 cold layer calls, mean 134.3 us
served 979500 cold layer calls, mean 134.4 us
served 980000 cold layer calls, mean 134.4 us
served 980500 cold layer calls, mean 134.5 us
served 981000 cold layer calls, mean 134.5 us
served 981500 cold layer calls, mean 134.6 us
served 982000 cold layer calls, mean 134.6 us
served 982500 cold layer calls, mean 134.7 us
served 983000 cold layer calls, mean 134.7 us
served 983500 cold layer calls, mean 134.8 us
served 984000 cold layer calls, mean 134.8 us
served 984500 cold layer calls, mean 134.9 us
served 985000 cold layer calls, mean 134.9 us
served 985500 cold layer calls, mean 135.0 us
served 986000 cold layer calls, mean 135.0 us
served 986500 cold layer calls, mean 135.1 us
served 987000 cold layer calls, mean 135.1 us
served 987500 cold layer calls, mean 135.2 us
served 988000 cold layer calls, mean 135.2 us
served 988500 cold layer calls, mean 135.3 us
served 989000 cold layer calls, mean 135.3 us
served 989500 cold layer calls, mean 135.3 us
served 990000 cold layer calls, mean 135.4 us
served 990500 cold layer calls, mean 135.4 us
served 991000 cold layer calls, mean 135.5 us
served 991500 cold layer calls, mean 135.5 us
served 992000 cold layer calls, mean 135.6 us
served 992500 cold layer calls, mean 135.6 us
served 993000 cold layer calls, mean 135.6 us
served 993500 cold layer calls, mean 135.7 us
served 994000 cold layer calls, mean 135.7 us
served 994500 cold layer calls, mean 135.8 us
served 995000 cold layer calls, mean 135.8 us
served 995500 cold layer calls, mean 135.9 us
served 996000 cold layer calls, mean 135.9 us
served 996500 cold layer calls, mean 135.9 us
served 997000 cold layer calls, mean 136.0 us
served 997500 cold layer calls, mean 136.0 us
served 998000 cold layer calls, mean 136.1 us
served 998500 cold layer calls, mean 136.1 us
served 999000 cold layer calls, mean 136.2 us
served 999500 cold layer calls, mean 136.2 us
served 1000000 cold layer calls, mean 136.2 us
served 1000500 cold layer calls, mean 136.3 us
served 1001000 cold layer calls, mean 136.3 us
served 1001500 cold layer calls, mean 136.4 us
served 1002000 cold layer calls, mean 136.4 us
served 1002500 cold layer calls, mean 136.5 us
served 1003000 cold layer calls, mean 136.5 us
served 1003500 cold layer calls, mean 136.5 us
served 1004000 cold layer calls, mean 136.6 us
served 1004500 cold layer calls, mean 136.6 us
served 1005000 cold layer calls, mean 136.7 us
served 1005500 cold layer calls, mean 136.7 us
served 1006000 cold layer calls, mean 136.8 us
served 1006500 cold layer calls, mean 136.8 us
served 1007000 cold layer calls, mean 136.9 us
served 1007500 cold layer calls, mean 136.9 us
served 1008000 cold layer calls, mean 137.0 us
served 1008500 cold layer calls, mean 137.0 us
served 1009000 cold layer calls, mean 137.1 us
served 1009500 cold layer calls, mean 137.1 us
served 1010000 cold layer calls, mean 137.2 us
served 1010500 cold layer calls, mean 137.2 us
served 1011000 cold layer calls, mean 137.3 us
served 1011500 cold layer calls, mean 137.3 us
served 1012000 cold layer calls, mean 137.4 us
served 1012500 cold layer calls, mean 137.4 us
served 1013000 cold layer calls, mean 137.5 us
served 1013500 cold layer calls, mean 137.5 us
served 1014000 cold layer calls, mean 137.6 us
served 1014500 cold layer calls, mean 137.6 us
served 1015000 cold layer calls, mean 137.7 us
served 1015500 cold layer calls, mean 137.7 us
served 1016000 cold layer calls, mean 137.8 us
served 1016500 cold layer calls, mean 137.8 us
served 1017000 cold layer calls, mean 137.8 us
served 1017500 cold layer calls, mean 137.9 us
served 1018000 cold layer calls, mean 137.9 us
served 1018500 cold layer calls, mean 138.0 us
served 1019000 cold layer calls, mean 138.0 us
served 1019500 cold layer calls, mean 138.1 us
served 1020000 cold layer calls, mean 138.1 us
served 1020500 cold layer calls, mean 138.1 us
served 1021000 cold layer calls, mean 138.2 us
served 1021500 cold layer calls, mean 138.2 us
served 1022000 cold layer calls, mean 138.3 us
served 1022500 cold layer calls, mean 138.3 us
served 1023000 cold layer calls, mean 138.4 us
served 1023500 cold layer calls, mean 138.5 us
served 1024000 cold layer calls, mean 138.5 us
served 1024500 cold layer calls, mean 138.5 us
served 1025000 cold layer calls, mean 138.5 us
served 1025500 cold layer calls, mean 138.5 us
served 1026000 cold layer calls, mean 138.5 us
served 1026500 cold layer calls, mean 138.5 us
served 1027000 cold layer calls, mean 138.5 us
served 1027500 cold layer calls, mean 138.5 us
served 1028000 cold layer calls, mean 138.5 us
served 1028500 cold layer calls, mean 138.5 us
served 1029000 cold layer calls, mean 138.5 us
served 1029500 cold layer calls, mean 138.5 us
served 1030000 cold layer calls, mean 138.5 us
served 1030500 cold layer calls, mean 138.5 us
served 1031000 cold layer calls, mean 138.4 us
served 1031500 cold layer calls, mean 138.4 us
served 1032000 cold layer calls, mean 138.4 us
served 1032500 cold layer calls, mean 138.4 us
served 1033000 cold layer calls, mean 138.4 us
served 1033500 cold layer calls, mean 138.4 us
served 1034000 cold layer calls, mean 138.4 us
served 1034500 cold layer calls, mean 138.3 us
served 1035000 cold layer calls, mean 138.3 us
served 1035500 cold layer calls, mean 138.3 us
served 1036000 cold layer calls, mean 138.3 us
served 1036500 cold layer calls, mean 138.3 us
served 1037000 cold layer calls, mean 138.3 us
served 1037500 cold layer calls, mean 138.3 us
served 1038000 cold layer calls, mean 138.3 us
served 1038500 cold layer calls, mean 138.3 us
served 1039000 cold layer calls, mean 138.3 us
served 1039500 cold layer calls, mean 138.3 us
served 1040000 cold layer calls, mean 138.3 us
served 1040500 cold layer calls, mean 138.3 us
served 1041000 cold layer calls, mean 138.3 us
served 1041500 cold layer calls, mean 138.3 us
served 1042000 cold layer calls, mean 138.3 us
served 1042500 cold layer calls, mean 138.3 us
served 1043000 cold layer calls, mean 138.3 us
served 1043500 cold layer calls, mean 138.3 us
served 1044000 cold layer calls, mean 138.3 us
served 1044500 cold layer calls, mean 138.2 us
served 1045000 cold layer calls, mean 138.2 us
served 1045500 cold layer calls, mean 138.2 us
served 1046000 cold layer calls, mean 138.2 us
served 1046500 cold layer calls, mean 138.2 us
served 1047000 cold layer calls, mean 138.2 us
served 1047500 cold layer calls, mean 138.2 us
served 1048000 cold layer calls, mean 138.1 us
served 1048500 cold layer calls, mean 138.1 us
served 1049000 cold layer calls, mean 138.1 us
served 1049500 cold layer calls, mean 138.1 us
served 1050000 cold layer calls, mean 138.1 us
served 1050500 cold layer calls, mean 138.1 us
served 1051000 cold layer calls, mean 138.1 us
served 1051500 cold layer calls, mean 138.1 us
served 1052000 cold layer calls, mean 138.1 us
served 1052500 cold layer calls, mean 138.1 us
served 1053000 cold layer calls, mean 138.0 us
served 1053500 cold layer calls, mean 138.0 us
served 1054000 cold layer calls, mean 138.0 us
served 1054500 cold layer calls, mean 138.0 us
served 1055000 cold layer calls, mean 138.0 us
served 1055500 cold layer calls, mean 138.0 us
served 1056000 cold layer calls, mean 138.0 us
served 1056500 cold layer calls, mean 138.0 us
served 1057000 cold layer calls, mean 138.0 us
served 1057500 cold layer calls, mean 138.0 us
served 1058000 cold layer calls, mean 138.0 us
served 1058500 cold layer calls, mean 138.0 us
served 1059000 cold layer calls, mean 138.0 us
served 1059500 cold layer calls, mean 138.0 us
served 1060000 cold layer calls, mean 138.0 us
served 1060500 cold layer calls, mean 138.0 us
served 1061000 cold layer calls, mean 138.0 us
served 1061500 cold layer calls, mean 138.0 us
served 1062000 cold layer calls, mean 137.9 us
served 1062500 cold layer calls, mean 137.9 us
served 1063000 cold layer calls, mean 137.9 us
served 1063500 cold layer calls, mean 137.9 us
served 1064000 cold layer calls, mean 137.9 us
served 1064500 cold layer calls, mean 137.9 us
served 1065000 cold layer calls, mean 137.9 us
served 1065500 cold layer calls, mean 137.9 us
served 1066000 cold layer calls, mean 137.9 us
served 1066500 cold layer calls, mean 137.9 us
served 1067000 cold layer calls, mean 137.9 us
served 1067500 cold layer calls, mean 137.9 us
served 1068000 cold layer calls, mean 137.9 us
served 1068500 cold layer calls, mean 137.9 us
served 1069000 cold layer calls, mean 137.9 us
served 1069500 cold layer calls, mean 137.9 us
served 1070000 cold layer calls, mean 137.8 us
served 1070500 cold layer calls, mean 137.8 us
served 1071000 cold layer calls, mean 137.8 us
served 1071500 cold layer calls, mean 137.8 us
served 1072000 cold layer calls, mean 137.8 us
served 1072500 cold layer calls, mean 137.8 us
served 1073000 cold layer calls, mean 137.8 us
served 1073500 cold layer calls, mean 137.8 us
served 1074000 cold layer calls, mean 137.7 us
served 1074500 cold layer calls, mean 137.7 us
served 1075000 cold layer calls, mean 137.7 us
served 1075500 cold layer calls, mean 137.7 us
served 1076000 cold layer calls, mean 137.7 us
served 1076500 cold layer calls, mean 137.7 us
served 1077000 cold layer calls, mean 137.6 us
served 1077500 cold layer calls, mean 137.6 us
served 1078000 cold layer calls, mean 137.6 us
served 1078500 cold layer calls, mean 137.6 us
served 1079000 cold layer calls, mean 137.6 us
served 1079500 cold layer calls, mean 137.6 us
served 1080000 cold layer calls, mean 137.6 us
served 1080500 cold layer calls, mean 137.5 us
served 1081000 cold layer calls, mean 137.5 us
served 1081500 cold layer calls, mean 137.5 us
served 1082000 cold layer calls, mean 137.5 us
served 1082500 cold layer calls, mean 137.5 us
served 1083000 cold layer calls, mean 137.5 us
served 1083500 cold layer calls, mean 137.5 us
served 1084000 cold layer calls, mean 137.4 us
served 1084500 cold layer calls, mean 137.4 us
served 1085000 cold layer calls, mean 137.4 us
served 1085500 cold layer calls, mean 137.4 us
served 1086000 cold layer calls, mean 137.4 us
served 1086500 cold layer calls, mean 137.4 us
served 1087000 cold layer calls, mean 137.4 us
served 1087500 cold layer calls, mean 137.4 us
served 1088000 cold layer calls, mean 137.3 us
served 1088500 cold layer calls, mean 137.3 us
served 1089000 cold layer calls, mean 137.3 us
served 1089500 cold layer calls, mean 137.3 us
served 1090000 cold layer calls, mean 137.3 us
served 1090500 cold layer calls, mean 137.3 us
served 1091000 cold layer calls, mean 137.3 us
served 1091500 cold layer calls, mean 137.3 us
served 1092000 cold layer calls, mean 137.3 us
served 1092500 cold layer calls, mean 137.3 us
served 1093000 cold layer calls, mean 137.3 us
served 1093500 cold layer calls, mean 137.3 us
served 1094000 cold layer calls, mean 137.2 us
served 1094500 cold layer calls, mean 137.2 us
served 1095000 cold layer calls, mean 137.2 us
served 1095500 cold layer calls, mean 137.2 us
served 1096000 cold layer calls, mean 137.2 us
served 1096500 cold layer calls, mean 137.2 us
served 1097000 cold layer calls, mean 137.2 us
served 1097500 cold layer calls, mean 137.2 us
served 1098000 cold layer calls, mean 137.2 us
served 1098500 cold layer calls, mean 137.2 us
served 1099000 cold layer calls, mean 137.2 us
served 1099500 cold layer calls, mean 137.1 us
served 1100000 cold layer calls, mean 137.1 us
served 1100500 cold layer calls, mean 137.1 us
served 1101000 cold layer calls, mean 137.2 us
served 1101500 cold layer calls, mean 137.2 us
served 1102000 cold layer calls, mean 137.2 us
served 1102500 cold layer calls, mean 137.2 us
served 1103000 cold layer calls, mean 137.3 us
served 1103500 cold layer calls, mean 137.3 us
served 1104000 cold layer calls, mean 137.3 us
served 1104500 cold layer calls, mean 137.3 us
served 1105000 cold layer calls, mean 137.3 us
served 1105500 cold layer calls, mean 137.3 us
served 1106000 cold layer calls, mean 137.4 us
served 1106500 cold layer calls, mean 137.4 us
served 1107000 cold layer calls, mean 137.4 us
served 1107500 cold layer calls, mean 137.4 us
served 1108000 cold layer calls, mean 137.4 us
served 1108500 cold layer calls, mean 137.4 us
served 1109000 cold layer calls, mean 137.4 us
served 1109500 cold layer calls, mean 137.5 us
served 1110000 cold layer calls, mean 137.5 us
served 1110500 cold layer calls, mean 137.5 us
served 1111000 cold layer calls, mean 137.5 us
served 1111500 cold layer calls, mean 137.5 us
served 1112000 cold layer calls, mean 137.5 us
served 1112500 cold layer calls, mean 137.5 us
served 1113000 cold layer calls, mean 137.5 us
served 1113500 cold layer calls, mean 137.5 us
served 1114000 cold layer calls, mean 137.6 us
served 1114500 cold layer calls, mean 137.6 us
served 1115000 cold layer calls, mean 137.6 us
served 1115500 cold layer calls, mean 137.6 us
served 1116000 cold layer calls, mean 137.6 us
served 1116500 cold layer calls, mean 137.7 us
served 1117000 cold layer calls, mean 137.7 us
served 1117500 cold layer calls, mean 137.7 us
served 1118000 cold layer calls, mean 137.7 us
served 1118500 cold layer calls, mean 137.7 us
served 1119000 cold layer calls, mean 137.8 us
served 1119500 cold layer calls, mean 137.8 us
served 1120000 cold layer calls, mean 137.8 us
served 1120500 cold layer calls, mean 137.8 us
served 1121000 cold layer calls, mean 137.9 us
served 1121500 cold layer calls, mean 137.9 us
served 1122000 cold layer calls, mean 137.9 us
served 1122500 cold layer calls, mean 137.9 us
served 1123000 cold layer calls, mean 138.0 us
served 1123500 cold layer calls, mean 138.0 us
served 1124000 cold layer calls, mean 138.0 us
served 1124500 cold layer calls, mean 138.0 us
served 1125000 cold layer calls, mean 138.0 us
served 1125500 cold layer calls, mean 138.1 us
served 1126000 cold layer calls, mean 138.1 us
served 1126500 cold layer calls, mean 138.1 us
served 1127000 cold layer calls, mean 138.1 us
served 1127500 cold layer calls, mean 138.1 us
served 1128000 cold layer calls, mean 138.2 us
served 1128500 cold layer calls, mean 138.2 us
served 1129000 cold layer calls, mean 138.2 us
served 1129500 cold layer calls, mean 138.2 us
served 1130000 cold layer calls, mean 138.2 us
served 1130500 cold layer calls, mean 138.2 us
served 1131000 cold layer calls, mean 138.3 us
served 1131500 cold layer calls, mean 138.3 us
served 1132000 cold layer calls, mean 138.3 us
served 1132500 cold layer calls, mean 138.3 us
served 1133000 cold layer calls, mean 138.4 us
served 1133500 cold layer calls, mean 138.4 us
served 1134000 cold layer calls, mean 138.4 us
served 1134500 cold layer calls, mean 138.4 us
served 1135000 cold layer calls, mean 138.4 us
served 1135500 cold layer calls, mean 138.4 us
served 1136000 cold layer calls, mean 138.4 us
served 1136500 cold layer calls, mean 138.4 us
served 1137000 cold layer calls, mean 138.4 us
served 1137500 cold layer calls, mean 138.5 us
served 1138000 cold layer calls, mean 138.5 us
served 1138500 cold layer calls, mean 138.5 us
served 1139000 cold layer calls, mean 138.5 us
served 1139500 cold layer calls, mean 138.5 us
served 1140000 cold layer calls, mean 138.5 us
served 1140500 cold layer calls, mean 138.5 us
served 1141000 cold layer calls, mean 138.6 us
served 1141500 cold layer calls, mean 138.6 us
served 1142000 cold layer calls, mean 138.6 us
served 1142500 cold layer calls, mean 138.6 us
served 1143000 cold layer calls, mean 138.6 us
served 1143500 cold layer calls, mean 138.7 us
served 1144000 cold layer calls, mean 138.7 us
served 1144500 cold layer calls, mean 138.7 us
served 1145000 cold layer calls, mean 138.7 us
served 1145500 cold layer calls, mean 138.7 us
served 1146000 cold layer calls, mean 138.8 us
served 1146500 cold layer calls, mean 138.8 us
served 1147000 cold layer calls, mean 138.8 us
served 1147500 cold layer calls, mean 138.8 us
served 1148000 cold layer calls, mean 138.8 us
served 1148500 cold layer calls, mean 138.8 us
served 1149000 cold layer calls, mean 138.9 us
served 1149500 cold layer calls, mean 138.9 us
served 1150000 cold layer calls, mean 138.9 us
served 1150500 cold layer calls, mean 138.9 us
served 1151000 cold layer calls, mean 139.0 us
served 1151500 cold layer calls, mean 139.0 us
served 1152000 cold layer calls, mean 139.0 us
served 1152500 cold layer calls, mean 139.1 us
served 1153000 cold layer calls, mean 139.1 us
served 1153500 cold layer calls, mean 139.1 us
served 1154000 cold layer calls, mean 139.2 us
served 1154500 cold layer calls, mean 139.2 us
served 1155000 cold layer calls, mean 139.2 us
served 1155500 cold layer calls, mean 139.3 us
served 1156000 cold layer calls, mean 139.3 us
served 1156500 cold layer calls, mean 139.3 us
served 1157000 cold layer calls, mean 139.4 us
served 1157500 cold layer calls, mean 139.4 us
served 1158000 cold layer calls, mean 139.5 us
served 1158500 cold layer calls, mean 139.5 us
served 1159000 cold layer calls, mean 139.6 us
served 1159500 cold layer calls, mean 139.6 us
served 1160000 cold layer calls, mean 139.6 us
served 1160500 cold layer calls, mean 139.7 us
served 1161000 cold layer calls, mean 139.7 us
served 1161500 cold layer calls, mean 139.7 us
served 1162000 cold layer calls, mean 139.8 us
served 1162500 cold layer calls, mean 139.8 us
served 1163000 cold layer calls, mean 139.8 us
served 1163500 cold layer calls, mean 139.9 us
served 1164000 cold layer calls, mean 139.9 us
served 1164500 cold layer calls, mean 139.9 us
served 1165000 cold layer calls, mean 139.9 us
served 1165500 cold layer calls, mean 140.0 us
served 1166000 cold layer calls, mean 140.0 us
served 1166500 cold layer calls, mean 140.0 us
served 1167000 cold layer calls, mean 140.0 us
served 1167500 cold layer calls, mean 140.1 us
served 1168000 cold layer calls, mean 140.1 us
served 1168500 cold layer calls, mean 140.2 us
served 1169000 cold layer calls, mean 140.2 us
served 1169500 cold layer calls, mean 140.2 us
served 1170000 cold layer calls, mean 140.2 us
served 1170500 cold layer calls, mean 140.2 us
served 1171000 cold layer calls, mean 140.2 us
served 1171500 cold layer calls, mean 140.2 us
served 1172000 cold layer calls, mean 140.2 us
served 1172500 cold layer calls, mean 140.2 us
served 1173000 cold layer calls, mean 140.2 us
served 1173500 cold layer calls, mean 140.2 us
served 1174000 cold layer calls, mean 140.2 us
served 1174500 cold layer calls, mean 140.2 us
served 1175000 cold layer calls, mean 140.2 us
served 1175500 cold layer calls, mean 140.2 us
served 1176000 cold layer calls, mean 140.2 us
served 1176500 cold layer calls, mean 140.2 us
served 1177000 cold layer calls, mean 140.2 us
served 1177500 cold layer calls, mean 140.2 us
served 1178000 cold layer calls, mean 140.2 us
served 1178500 cold layer calls, mean 140.2 us
served 1179000 cold layer calls, mean 140.2 us
served 1179500 cold layer calls, mean 140.2 us
served 1180000 cold layer calls, mean 140.2 us
served 1180500 cold layer calls, mean 140.2 us
served 1181000 cold layer calls, mean 140.2 us
served 1181500 cold layer calls, mean 140.2 us
served 1182000 cold layer calls, mean 140.2 us
served 1182500 cold layer calls, mean 140.2 us
served 1183000 cold layer calls, mean 140.2 us
served 1183500 cold layer calls, mean 140.2 us
served 1184000 cold layer calls, mean 140.2 us
served 1184500 cold layer calls, mean 140.2 us
served 1185000 cold layer calls, mean 140.1 us
served 1185500 cold layer calls, mean 140.1 us
served 1186000 cold layer calls, mean 140.1 us
served 1186500 cold layer calls, mean 140.1 us
served 1187000 cold layer calls, mean 140.1 us
served 1187500 cold layer calls, mean 140.1 us
served 1188000 cold layer calls, mean 140.1 us
served 1188500 cold layer calls, mean 140.1 us
served 1189000 cold layer calls, mean 140.1 us
served 1189500 cold layer calls, mean 140.1 us
served 1190000 cold layer calls, mean 140.1 us
served 1190500 cold layer calls, mean 140.1 us
served 1191000 cold layer calls, mean 140.1 us
served 1191500 cold layer calls, mean 140.1 us
served 1192000 cold layer calls, mean 140.1 us
served 1192500 cold layer calls, mean 140.1 us
served 1193000 cold layer calls, mean 140.1 us
served 1193500 cold layer calls, mean 140.1 us
served 1194000 cold layer calls, mean 140.1 us
served 1194500 cold layer calls, mean 140.1 us
served 1195000 cold layer calls, mean 140.1 us
served 1195500 cold layer calls, mean 140.1 us
served 1196000 cold layer calls, mean 140.1 us
served 1196500 cold layer calls, mean 140.1 us
served 1197000 cold layer calls, mean 140.1 us
served 1197500 cold layer calls, mean 140.1 us
served 1198000 cold layer calls, mean 140.1 us
served 1198500 cold layer calls, mean 140.1 us
served 1199000 cold layer calls, mean 140.1 us
served 1199500 cold layer calls, mean 140.1 us
served 1200000 cold layer calls, mean 140.1 us
served 1200500 cold layer calls, mean 140.2 us
served 1201000 cold layer calls, mean 140.2 us
served 1201500 cold layer calls, mean 140.2 us
served 1202000 cold layer calls, mean 140.2 us
served 1202500 cold layer calls, mean 140.2 us
served 1203000 cold layer calls, mean 140.2 us
served 1203500 cold layer calls, mean 140.2 us
served 1204000 cold layer calls, mean 140.2 us
served 1204500 cold layer calls, mean 140.2 us
served 1205000 cold layer calls, mean 140.2 us
served 1205500 cold layer calls, mean 140.2 us
served 1206000 cold layer calls, mean 140.2 us
served 1206500 cold layer calls, mean 140.2 us
served 1207000 cold layer calls, mean 140.2 us
served 1207500 cold layer calls, mean 140.2 us
served 1208000 cold layer calls, mean 140.2 us
served 1208500 cold layer calls, mean 140.2 us
served 1209000 cold layer calls, mean 140.2 us
served 1209500 cold layer calls, mean 140.2 us
served 1210000 cold layer calls, mean 140.2 us
served 1210500 cold layer calls, mean 140.2 us
served 1211000 cold layer calls, mean 140.2 us
served 1211500 cold layer calls, mean 140.2 us
served 1212000 cold layer calls, mean 140.2 us
served 1212500 cold layer calls, mean 140.2 us
served 1213000 cold layer calls, mean 140.2 us
served 1213500 cold layer calls, mean 140.2 us
served 1214000 cold layer calls, mean 140.2 us
served 1214500 cold layer calls, mean 140.2 us
served 1215000 cold layer calls, mean 140.2 us
served 1215500 cold layer calls, mean 140.2 us
served 1216000 cold layer calls, mean 140.1 us
served 1216500 cold layer calls, mean 140.1 us
served 1217000 cold layer calls, mean 140.1 us
served 1217500 cold layer calls, mean 140.1 us
served 1218000 cold layer calls, mean 140.1 us
served 1218500 cold layer calls, mean 140.1 us
served 1219000 cold layer calls, mean 140.1 us
served 1219500 cold layer calls, mean 140.1 us
served 1220000 cold layer calls, mean 140.1 us
served 1220500 cold layer calls, mean 140.1 us
served 1221000 cold layer calls, mean 140.1 us
served 1221500 cold layer calls, mean 140.1 us
served 1222000 cold layer calls, mean 140.1 us
served 1222500 cold layer calls, mean 140.2 us
served 1223000 cold layer calls, mean 140.2 us
served 1223500 cold layer calls, mean 140.2 us
served 1224000 cold layer calls, mean 140.2 us
served 1224500 cold layer calls, mean 140.2 us
served 1225000 cold layer calls, mean 140.2 us
served 1225500 cold layer calls, mean 140.2 us
served 1226000 cold layer calls, mean 140.2 us
served 1226500 cold layer calls, mean 140.2 us
served 1227000 cold layer calls, mean 140.2 us
served 1227500 cold layer calls, mean 140.2 us
served 1228000 cold layer calls, mean 140.2 us
served 1228500 cold layer calls, mean 140.2 us
served 1229000 cold layer calls, mean 140.2 us
served 1229500 cold layer calls, mean 140.2 us
served 1230000 cold layer calls, mean 140.2 us
served 1230500 cold layer calls, mean 140.2 us
served 1231000 cold layer calls, mean 140.2 us
served 1231500 cold layer calls, mean 140.2 us
served 1232000 cold layer calls, mean 140.2 us
served 1232500 cold layer calls, mean 140.1 us
served 1233000 cold layer calls, mean 140.1 us
served 1233500 cold layer calls, mean 140.1 us
served 1234000 cold layer calls, mean 140.1 us
served 1234500 cold layer calls, mean 140.1 us
served 1235000 cold layer calls, mean 140.1 us
served 1235500 cold layer calls, mean 140.1 us
served 1236000 cold layer calls, mean 140.1 us
served 1236500 cold layer calls, mean 140.1 us
served 1237000 cold layer calls, mean 140.1 us
served 1237500 cold layer calls, mean 140.1 us
served 1238000 cold layer calls, mean 140.1 us
served 1238500 cold layer calls, mean 140.1 us
served 1239000 cold layer calls, mean 140.0 us
served 1239500 cold layer calls, mean 140.0 us
served 1240000 cold layer calls, mean 140.0 us
served 1240500 cold layer calls, mean 140.0 us
served 1241000 cold layer calls, mean 140.0 us
served 1241500 cold layer calls, mean 140.0 us
served 1242000 cold layer calls, mean 140.0 us
served 1242500 cold layer calls, mean 140.0 us
served 1243000 cold layer calls, mean 140.0 us
served 1243500 cold layer calls, mean 140.0 us
served 1244000 cold layer calls, mean 140.0 us
served 1244500 cold layer calls, mean 140.0 us
served 1245000 cold layer calls, mean 140.0 us
served 1245500 cold layer calls, mean 140.0 us
served 1246000 cold layer calls, mean 140.0 us
served 1246500 cold layer calls, mean 140.0 us
served 1247000 cold layer calls, mean 140.0 us
served 1247500 cold layer calls, mean 140.0 us
served 1248000 cold layer calls, mean 140.1 us
served 1248500 cold layer calls, mean 140.1 us
served 1249000 cold layer calls, mean 140.1 us
served 1249500 cold layer calls, mean 140.2 us
served 1250000 cold layer calls, mean 140.2 us
served 1250500 cold layer calls, mean 140.2 us
served 1251000 cold layer calls, mean 140.3 us
served 1251500 cold layer calls, mean 140.3 us
served 1252000 cold layer calls, mean 140.3 us
served 1252500 cold layer calls, mean 140.3 us
served 1253000 cold layer calls, mean 140.4 us
served 1253500 cold layer calls, mean 140.4 us
served 1254000 cold layer calls, mean 140.4 us
served 1254500 cold layer calls, mean 140.4 us
served 1255000 cold layer calls, mean 140.5 us
served 1255500 cold layer calls, mean 140.5 us
served 1256000 cold layer calls, mean 140.5 us
served 1256500 cold layer calls, mean 140.6 us
served 1257000 cold layer calls, mean 140.6 us
served 1257500 cold layer calls, mean 140.6 us
served 1258000 cold layer calls, mean 140.7 us
served 1258500 cold layer calls, mean 140.7 us
served 1259000 cold layer calls, mean 140.7 us
served 1259500 cold layer calls, mean 140.7 us
served 1260000 cold layer calls, mean 140.8 us
served 1260500 cold layer calls, mean 140.8 us
served 1261000 cold layer calls, mean 140.8 us
served 1261500 cold layer calls, mean 140.9 us
served 1262000 cold layer calls, mean 140.9 us
served 1262500 cold layer calls, mean 140.9 us
served 1263000 cold layer calls, mean 140.9 us
served 1263500 cold layer calls, mean 141.0 us
served 1264000 cold layer calls, mean 141.0 us
served 1264500 cold layer calls, mean 141.0 us
served 1265000 cold layer calls, mean 141.1 us
served 1265500 cold layer calls, mean 141.1 us
served 1266000 cold layer calls, mean 141.1 us
served 1266500 cold layer calls, mean 141.1 us
served 1267000 cold layer calls, mean 141.2 us
served 1267500 cold layer calls, mean 141.2 us
served 1268000 cold layer calls, mean 141.2 us
served 1268500 cold layer calls, mean 141.3 us
served 1269000 cold layer calls, mean 141.3 us
served 1269500 cold layer calls, mean 141.3 us
served 1270000 cold layer calls, mean 141.4 us
served 1270500 cold layer calls, mean 141.4 us
served 1271000 cold layer calls, mean 141.4 us
served 1271500 cold layer calls, mean 141.5 us
served 1272000 cold layer calls, mean 141.5 us
served 1272500 cold layer calls, mean 141.5 us
served 1273000 cold layer calls, mean 141.6 us
served 1273500 cold layer calls, mean 141.6 us
served 1274000 cold layer calls, mean 141.6 us
served 1274500 cold layer calls, mean 141.7 us
served 1275000 cold layer calls, mean 141.7 us
served 1275500 cold layer calls, mean 141.7 us
served 1276000 cold layer calls, mean 141.8 us
served 1276500 cold layer calls, mean 141.8 us
served 1277000 cold layer calls, mean 141.8 us
served 1277500 cold layer calls, mean 141.9 us
served 1278000 cold layer calls, mean 141.9 us
served 1278500 cold layer calls, mean 141.9 us
served 1279000 cold layer calls, mean 141.9 us
served 1279500 cold layer calls, mean 142.0 us
served 1280000 cold layer calls, mean 142.0 us
served 1280500 cold layer calls, mean 142.1 us
served 1281000 cold layer calls, mean 142.1 us
served 1281500 cold layer calls, mean 142.1 us
served 1282000 cold layer calls, mean 142.1 us
served 1282500 cold layer calls, mean 142.2 us
served 1283000 cold layer calls, mean 142.2 us
served 1283500 cold layer calls, mean 142.2 us
served 1284000 cold layer calls, mean 142.2 us
served 1284500 cold layer calls, mean 142.3 us
served 1285000 cold layer calls, mean 142.3 us
served 1285500 cold layer calls, mean 142.3 us
served 1286000 cold layer calls, mean 142.4 us
served 1286500 cold layer calls, mean 142.4 us
served 1287000 cold layer calls, mean 142.4 us
served 1287500 cold layer calls, mean 142.5 us
served 1288000 cold layer calls, mean 142.5 us
served 1288500 cold layer calls, mean 142.5 us
served 1289000 cold layer calls, mean 142.5 us
served 1289500 cold layer calls, mean 142.6 us
served 1290000 cold layer calls, mean 142.6 us
served 1290500 cold layer calls, mean 142.6 us
served 1291000 cold layer calls, mean 142.7 us
served 1291500 cold layer calls, mean 142.7 us
served 1292000 cold layer calls, mean 142.7 us
served 1292500 cold layer calls, mean 142.8 us
served 1293000 cold layer calls, mean 142.8 us
served 1293500 cold layer calls, mean 142.8 us
served 1294000 cold layer calls, mean 142.9 us
served 1294500 cold layer calls, mean 142.9 us
served 1295000 cold layer calls, mean 143.0 us
served 1295500 cold layer calls, mean 143.0 us
served 1296000 cold layer calls, mean 143.0 us
served 1296500 cold layer calls, mean 143.1 us
served 1297000 cold layer calls, mean 143.1 us
served 1297500 cold layer calls, mean 143.1 us
served 1298000 cold layer calls, mean 143.2 us
served 1298500 cold layer calls, mean 143.2 us
served 1299000 cold layer calls, mean 143.2 us
served 1299500 cold layer calls, mean 143.3 us
served 1300000 cold layer calls, mean 143.3 us
served 1300500 cold layer calls, mean 143.3 us
served 1301000 cold layer calls, mean 143.4 us
served 1301500 cold layer calls, mean 143.4 us
served 1302000 cold layer calls, mean 143.4 us
served 1302500 cold layer calls, mean 143.4 us
served 1303000 cold layer calls, mean 143.5 us
served 1303500 cold layer calls, mean 143.5 us
served 1304000 cold layer calls, mean 143.5 us
served 1304500 cold layer calls, mean 143.5 us
served 1305000 cold layer calls, mean 143.6 us
served 1305500 cold layer calls, mean 143.6 us
served 1306000 cold layer calls, mean 143.6 us
served 1306500 cold layer calls, mean 143.6 us
served 1307000 cold layer calls, mean 143.7 us
served 1307500 cold layer calls, mean 143.7 us
served 1308000 cold layer calls, mean 143.7 us
served 1308500 cold layer calls, mean 143.7 us
served 1309000 cold layer calls, mean 143.8 us
served 1309500 cold layer calls, mean 143.8 us
served 1310000 cold layer calls, mean 143.8 us
served 1310500 cold layer calls, mean 143.9 us
served 1311000 cold layer calls, mean 143.9 us
served 1311500 cold layer calls, mean 143.9 us
served 1312000 cold layer calls, mean 143.9 us
served 1312500 cold layer calls, mean 143.9 us
served 1313000 cold layer calls, mean 143.8 us
served 1313500 cold layer calls, mean 143.8 us
served 1314000 cold layer calls, mean 143.8 us
served 1314500 cold layer calls, mean 143.8 us
served 1315000 cold layer calls, mean 143.8 us
served 1315500 cold layer calls, mean 143.8 us
served 1316000 cold layer calls, mean 143.8 us
served 1316500 cold layer calls, mean 143.8 us
served 1317000 cold layer calls, mean 143.8 us
served 1317500 cold layer calls, mean 143.8 us
served 1318000 cold layer calls, mean 143.7 us
served 1318500 cold layer calls, mean 143.7 us
served 1319000 cold layer calls, mean 143.7 us
served 1319500 cold layer calls, mean 143.7 us
served 1320000 cold layer calls, mean 143.7 us
served 1320500 cold layer calls, mean 143.7 us
served 1321000 cold layer calls, mean 143.7 us
served 1321500 cold layer calls, mean 143.7 us
served 1322000 cold layer calls, mean 143.7 us
served 1322500 cold layer calls, mean 143.7 us
served 1323000 cold layer calls, mean 143.6 us
served 1323500 cold layer calls, mean 143.6 us
served 1324000 cold layer calls, mean 143.6 us
served 1324500 cold layer calls, mean 143.6 us
served 1325000 cold layer calls, mean 143.6 us
served 1325500 cold layer calls, mean 143.6 us
served 1326000 cold layer calls, mean 143.6 us
served 1326500 cold layer calls, mean 143.6 us
served 1327000 cold layer calls, mean 143.6 us
served 1327500 cold layer calls, mean 143.6 us
served 1328000 cold layer calls, mean 143.6 us
served 1328500 cold layer calls, mean 143.6 us
served 1329000 cold layer calls, mean 143.6 us
served 1329500 cold layer calls, mean 143.6 us
served 1330000 cold layer calls, mean 143.6 us
served 1330500 cold layer calls, mean 143.6 us
served 1331000 cold layer calls, mean 143.6 us
served 1331500 cold layer calls, mean 143.5 us
served 1332000 cold layer calls, mean 143.5 us
served 1332500 cold layer calls, mean 143.5 us
served 1333000 cold layer calls, mean 143.5 us
served 1333500 cold layer calls, mean 143.5 us
served 1334000 cold layer calls, mean 143.5 us
served 1334500 cold layer calls, mean 143.5 us
served 1335000 cold layer calls, mean 143.5 us
served 1335500 cold layer calls, mean 143.5 us
served 1336000 cold layer calls, mean 143.5 us
served 1336500 cold layer calls, mean 143.5 us
served 1337000 cold layer calls, mean 143.5 us
served 1337500 cold layer calls, mean 143.5 us
served 1338000 cold layer calls, mean 143.5 us
served 1338500 cold layer calls, mean 143.5 us
served 1339000 cold layer calls, mean 143.4 us
served 1339500 cold layer calls, mean 143.4 us
served 1340000 cold layer calls, mean 143.4 us
served 1340500 cold layer calls, mean 143.4 us
served 1341000 cold layer calls, mean 143.4 us
served 1341500 cold layer calls, mean 143.4 us
served 1342000 cold layer calls, mean 143.4 us
served 1342500 cold layer calls, mean 143.4 us
served 1343000 cold layer calls, mean 143.4 us
served 1343500 cold layer calls, mean 143.3 us
served 1344000 cold layer calls, mean 143.3 us
served 1344500 cold layer calls, mean 143.3 us
served 1345000 cold layer calls, mean 143.3 us
served 1345500 cold layer calls, mean 143.3 us
served 1346000 cold layer calls, mean 143.3 us
served 1346500 cold layer calls, mean 143.2 us
served 1347000 cold layer calls, mean 143.2 us
served 1347500 cold layer calls, mean 143.2 us
served 1348000 cold layer calls, mean 143.2 us
served 1348500 cold layer calls, mean 143.2 us
served 1349000 cold layer calls, mean 143.2 us
served 1349500 cold layer calls, mean 143.2 us
served 1350000 cold layer calls, mean 143.1 us
served 1350500 cold layer calls, mean 143.1 us
served 1351000 cold layer calls, mean 143.1 us
served 1351500 cold layer calls, mean 143.1 us
served 1352000 cold layer calls, mean 143.1 us
served 1352500 cold layer calls, mean 143.1 us
served 1353000 cold layer calls, mean 143.1 us
served 1353500 cold layer calls, mean 143.1 us
served 1354000 cold layer calls, mean 143.1 us
served 1354500 cold layer calls, mean 143.1 us
served 1355000 cold layer calls, mean 143.1 us
served 1355500 cold layer calls, mean 143.1 us
served 1356000 cold layer calls, mean 143.1 us
served 1356500 cold layer calls, mean 143.1 us
served 1357000 cold layer calls, mean 143.1 us
served 1357500 cold layer calls, mean 143.0 us
served 1358000 cold layer calls, mean 143.0 us
served 1358500 cold layer calls, mean 143.0 us
served 1359000 cold layer calls, mean 143.0 us
served 1359500 cold layer calls, mean 143.0 us
served 1360000 cold layer calls, mean 143.0 us
served 1360500 cold layer calls, mean 143.0 us
served 1361000 cold layer calls, mean 143.0 us
served 1361500 cold layer calls, mean 143.0 us
served 1362000 cold layer calls, mean 143.0 us
served 1362500 cold layer calls, mean 143.0 us
served 1363000 cold layer calls, mean 142.9 us
served 1363500 cold layer calls, mean 142.9 us
served 1364000 cold layer calls, mean 142.9 us
served 1364500 cold layer calls, mean 142.9 us
served 1365000 cold layer calls, mean 142.9 us
served 1365500 cold layer calls, mean 142.9 us
served 1366000 cold layer calls, mean 142.9 us
served 1366500 cold layer calls, mean 142.9 us
served 1367000 cold layer calls, mean 142.9 us
served 1367500 cold layer calls, mean 142.9 us
served 1368000 cold layer calls, mean 142.9 us
served 1368500 cold layer calls, mean 142.9 us
served 1369000 cold layer calls, mean 142.9 us
served 1369500 cold layer calls, mean 142.9 us
served 1370000 cold layer calls, mean 142.9 us
served 1370500 cold layer calls, mean 142.9 us
served 1371000 cold layer calls, mean 142.9 us
served 1371500 cold layer calls, mean 142.9 us
served 1372000 cold layer calls, mean 142.8 us
served 1372500 cold layer calls, mean 142.8 us
served 1373000 cold layer calls, mean 142.8 us
served 1373500 cold layer calls, mean 142.9 us
served 1374000 cold layer calls, mean 142.9 us
served 1374500 cold layer calls, mean 142.9 us
served 1375000 cold layer calls, mean 142.9 us
served 1375500 cold layer calls, mean 142.9 us
served 1376000 cold layer calls, mean 142.9 us
served 1376500 cold layer calls, mean 142.9 us
served 1377000 cold layer calls, mean 142.9 us
served 1377500 cold layer calls, mean 142.9 us
served 1378000 cold layer calls, mean 142.9 us
served 1378500 cold layer calls, mean 142.9 us
served 1379000 cold layer calls, mean 142.9 us
served 1379500 cold layer calls, mean 142.9 us
served 1380000 cold layer calls, mean 142.9 us
served 1380500 cold layer calls, mean 142.9 us
served 1381000 cold layer calls, mean 142.9 us
served 1381500 cold layer calls, mean 142.9 us
served 1382000 cold layer calls, mean 142.9 us
served 1382500 cold layer calls, mean 142.8 us
served 1383000 cold layer calls, mean 142.8 us
served 1383500 cold layer calls, mean 142.8 us
served 1384000 cold layer calls, mean 142.8 us
served 1384500 cold layer calls, mean 142.8 us
served 1385000 cold layer calls, mean 142.8 us
served 1385500 cold layer calls, mean 142.8 us
served 1386000 cold layer calls, mean 142.8 us
served 1386500 cold layer calls, mean 142.8 us
served 1387000 cold layer calls, mean 142.8 us
served 1387500 cold layer calls, mean 142.8 us
served 1388000 cold layer calls, mean 142.7 us
served 1388500 cold layer calls, mean 142.8 us
served 1389000 cold layer calls, mean 142.8 us
served 1389500 cold layer calls, mean 142.8 us
served 1390000 cold layer calls, mean 142.8 us
served 1390500 cold layer calls, mean 142.8 us
served 1391000 cold layer calls, mean 142.8 us
served 1391500 cold layer calls, mean 142.8 us
served 1392000 cold layer calls, mean 142.9 us
served 1392500 cold layer calls, mean 142.9 us
served 1393000 cold layer calls, mean 142.9 us
served 1393500 cold layer calls, mean 142.9 us
served 1394000 cold layer calls, mean 142.9 us
served 1394500 cold layer calls, mean 142.9 us
served 1395000 cold layer calls, mean 142.9 us
served 1395500 cold layer calls, mean 142.9 us
served 1396000 cold layer calls, mean 143.0 us
served 1396500 cold layer calls, mean 143.0 us
served 1397000 cold layer calls, mean 143.0 us
served 1397500 cold layer calls, mean 143.0 us
served 1398000 cold layer calls, mean 143.0 us
served 1398500 cold layer calls, mean 143.1 us
served 1399000 cold layer calls, mean 143.1 us
served 1399500 cold layer calls, mean 143.1 us
served 1400000 cold layer calls, mean 143.1 us
served 1400500 cold layer calls, mean 143.1 us
served 1401000 cold layer calls, mean 143.1 us
served 1401500 cold layer calls, mean 143.1 us
served 1402000 cold layer calls, mean 143.2 us
served 1402500 cold layer calls, mean 143.2 us
served 1403000 cold layer calls, mean 143.2 us
served 1403500 cold layer calls, mean 143.2 us
served 1404000 cold layer calls, mean 143.2 us
served 1404500 cold layer calls, mean 143.2 us
served 1405000 cold layer calls, mean 143.2 us
served 1405500 cold layer calls, mean 143.2 us
served 1406000 cold layer calls, mean 143.2 us
served 1406500 cold layer calls, mean 143.2 us
served 1407000 cold layer calls, mean 143.2 us
served 1407500 cold layer calls, mean 143.2 us
served 1408000 cold layer calls, mean 143.2 us
served 1408500 cold layer calls, mean 143.2 us
served 1409000 cold layer calls, mean 143.3 us
served 1409500 cold layer calls, mean 143.3 us
served 1410000 cold layer calls, mean 143.3 us
served 1410500 cold layer calls, mean 143.3 us
served 1411000 cold layer calls, mean 143.3 us
served 1411500 cold layer calls, mean 143.3 us
served 1412000 cold layer calls, mean 143.3 us
served 1412500 cold layer calls, mean 143.3 us
served 1413000 cold layer calls, mean 143.4 us
served 1413500 cold layer calls, mean 143.4 us
served 1414000 cold layer calls, mean 143.4 us
served 1414500 cold layer calls, mean 143.4 us
served 1415000 cold layer calls, mean 143.4 us
served 1415500 cold layer calls, mean 143.4 us
served 1416000 cold layer calls, mean 143.4 us
served 1416500 cold layer calls, mean 143.5 us
served 1417000 cold layer calls, mean 143.5 us
served 1417500 cold layer calls, mean 143.5 us
served 1418000 cold layer calls, mean 143.5 us
served 1418500 cold layer calls, mean 143.5 us
served 1419000 cold layer calls, mean 143.6 us
served 1419500 cold layer calls, mean 143.6 us
served 1420000 cold layer calls, mean 143.6 us
served 1420500 cold layer calls, mean 143.6 us
served 1421000 cold layer calls, mean 143.6 us
served 1421500 cold layer calls, mean 143.7 us
served 1422000 cold layer calls, mean 143.7 us
served 1422500 cold layer calls, mean 143.7 us
served 1423000 cold layer calls, mean 143.7 us
served 1423500 cold layer calls, mean 143.7 us
served 1424000 cold layer calls, mean 143.8 us
served 1424500 cold layer calls, mean 143.8 us
served 1425000 cold layer calls, mean 143.8 us
served 1425500 cold layer calls, mean 143.8 us
served 1426000 cold layer calls, mean 143.8 us
served 1426500 cold layer calls, mean 143.8 us
served 1427000 cold layer calls, mean 143.9 us
served 1427500 cold layer calls, mean 143.9 us
served 1428000 cold layer calls, mean 143.9 us
served 1428500 cold layer calls, mean 143.9 us
served 1429000 cold layer calls, mean 143.9 us
served 1429500 cold layer calls, mean 143.9 us
served 1430000 cold layer calls, mean 143.9 us
served 1430500 cold layer calls, mean 143.9 us
served 1431000 cold layer calls, mean 144.0 us
served 1431500 cold layer calls, mean 144.0 us
served 1432000 cold layer calls, mean 144.0 us
served 1432500 cold layer calls, mean 144.0 us
served 1433000 cold layer calls, mean 144.0 us
served 1433500 cold layer calls, mean 144.0 us
served 1434000 cold layer calls, mean 144.0 us
served 1434500 cold layer calls, mean 144.0 us
served 1435000 cold layer calls, mean 144.1 us
served 1435500 cold layer calls, mean 144.1 us
served 1436000 cold layer calls, mean 144.1 us
served 1436500 cold layer calls, mean 144.1 us
served 1437000 cold layer calls, mean 144.1 us
served 1437500 cold layer calls, mean 144.1 us
served 1438000 cold layer calls, mean 144.1 us
served 1438500 cold layer calls, mean 144.1 us
served 1439000 cold layer calls, mean 144.1 us
served 1439500 cold layer calls, mean 144.1 us
served 1440000 cold layer calls, mean 144.1 us
served 1440500 cold layer calls, mean 144.2 us
served 1441000 cold layer calls, mean 144.2 us
served 1441500 cold layer calls, mean 144.2 us
served 1442000 cold layer calls, mean 144.2 us
served 1442500 cold layer calls, mean 144.2 us
served 1443000 cold layer calls, mean 144.2 us
served 1443500 cold layer calls, mean 144.3 us
served 1444000 cold layer calls, mean 144.3 us
served 1444500 cold layer calls, mean 144.3 us
served 1445000 cold layer calls, mean 144.3 us
served 1445500 cold layer calls, mean 144.3 us
served 1446000 cold layer calls, mean 144.3 us
served 1446500 cold layer calls, mean 144.4 us
served 1447000 cold layer calls, mean 144.4 us
served 1447500 cold layer calls, mean 144.4 us
served 1448000 cold layer calls, mean 144.4 us
served 1448500 cold layer calls, mean 144.4 us
served 1449000 cold layer calls, mean 144.4 us
served 1449500 cold layer calls, mean 144.4 us
served 1450000 cold layer calls, mean 144.4 us
served 1450500 cold layer calls, mean 144.5 us
served 1451000 cold layer calls, mean 144.5 us
served 1451500 cold layer calls, mean 144.5 us
served 1452000 cold layer calls, mean 144.5 us
served 1452500 cold layer calls, mean 144.5 us
served 1453000 cold layer calls, mean 144.6 us
served 1453500 cold layer calls, mean 144.6 us
served 1454000 cold layer calls, mean 144.6 us
served 1454500 cold layer calls, mean 144.6 us
served 1455000 cold layer calls, mean 144.6 us
served 1455500 cold layer calls, mean 144.6 us
served 1456000 cold layer calls, mean 144.6 us
served 1456500 cold layer calls, mean 144.6 us
served 1457000 cold layer calls, mean 144.6 us
served 1457500 cold layer calls, mean 144.6 us
served 1458000 cold layer calls, mean 144.6 us
served 1458500 cold layer calls, mean 144.6 us
served 1459000 cold layer calls, mean 144.6 us
served 1459500 cold layer calls, mean 144.6 us
served 1460000 cold layer calls, mean 144.6 us
served 1460500 cold layer calls, mean 144.6 us
served 1461000 cold layer calls, mean 144.6 us
served 1461500 cold layer calls, mean 144.6 us
served 1462000 cold layer calls, mean 144.6 us
served 1462500 cold layer calls, mean 144.6 us
served 1463000 cold layer calls, mean 144.6 us
served 1463500 cold layer calls, mean 144.6 us
served 1464000 cold layer calls, mean 144.6 us
served 1464500 cold layer calls, mean 144.6 us
served 1465000 cold layer calls, mean 144.6 us
served 1465500 cold layer calls, mean 144.6 us
served 1466000 cold layer calls, mean 144.6 us
served 1466500 cold layer calls, mean 144.6 us
served 1467000 cold layer calls, mean 144.6 us
served 1467500 cold layer calls, mean 144.6 us
served 1468000 cold layer calls, mean 144.6 us
served 1468500 cold layer calls, mean 144.6 us
served 1469000 cold layer calls, mean 144.6 us
served 1469500 cold layer calls, mean 144.6 us
served 1470000 cold layer calls, mean 144.5 us
served 1470500 cold layer calls, mean 144.5 us
served 1471000 cold layer calls, mean 144.5 us
served 1471500 cold layer calls, mean 144.5 us
served 1472000 cold layer calls, mean 144.5 us
served 1472500 cold layer calls, mean 144.5 us
served 1473000 cold layer calls, mean 144.5 us
served 1473500 cold layer calls, mean 144.5 us
served 1474000 cold layer calls, mean 144.5 us
served 1474500 cold layer calls, mean 144.5 us
served 1475000 cold layer calls, mean 144.5 us
served 1475500 cold layer calls, mean 144.5 us
served 1476000 cold layer calls, mean 144.5 us
served 1476500 cold layer calls, mean 144.5 us
served 1477000 cold layer calls, mean 144.5 us
served 1477500 cold layer calls, mean 144.5 us
served 1478000 cold layer calls, mean 144.5 us
served 1478500 cold layer calls, mean 144.5 us
served 1479000 cold layer calls, mean 144.5 us
served 1479500 cold layer calls, mean 144.5 us
served 1480000 cold layer calls, mean 144.5 us
served 1480500 cold layer calls, mean 144.5 us
served 1481000 cold layer calls, mean 144.5 us
served 1481500 cold layer calls, mean 144.5 us
served 1482000 cold layer calls, mean 144.5 us
served 1482500 cold layer calls, mean 144.5 us
served 1483000 cold layer calls, mean 144.5 us
served 1483500 cold layer calls, mean 144.5 us
served 1484000 cold layer calls, mean 144.5 us
served 1484500 cold layer calls, mean 144.5 us
served 1485000 cold layer calls, mean 144.5 us
served 1485500 cold layer calls, mean 144.5 us
served 1486000 cold layer calls, mean 144.5 us
served 1486500 cold layer calls, mean 144.5 us
served 1487000 cold layer calls, mean 144.5 us
served 1487500 cold layer calls, mean 144.5 us
served 1488000 cold layer calls, mean 144.4 us
served 1488500 cold layer calls, mean 144.4 us
served 1489000 cold layer calls, mean 144.4 us
served 1489500 cold layer calls, mean 144.4 us
served 1490000 cold layer calls, mean 144.4 us
served 1490500 cold layer calls, mean 144.4 us
served 1491000 cold layer calls, mean 144.4 us
served 1491500 cold layer calls, mean 144.4 us
served 1492000 cold layer calls, mean 144.4 us
served 1492500 cold layer calls, mean 144.4 us
served 1493000 cold layer calls, mean 144.4 us
served 1493500 cold layer calls, mean 144.4 us
served 1494000 cold layer calls, mean 144.4 us
served 1494500 cold layer calls, mean 144.4 us
served 1495000 cold layer calls, mean 144.4 us
served 1495500 cold layer calls, mean 144.4 us
served 1496000 cold layer calls, mean 144.4 us
served 1496500 cold layer calls, mean 144.4 us
served 1497000 cold layer calls, mean 144.4 us
served 1497500 cold layer calls, mean 144.4 us
served 1498000 cold layer calls, mean 144.4 us
served 1498500 cold layer calls, mean 144.4 us
served 1499000 cold layer calls, mean 144.4 us
served 1499500 cold layer calls, mean 144.3 us
served 1500000 cold layer calls, mean 144.3 us
served 1500500 cold layer calls, mean 144.3 us
served 1501000 cold layer calls, mean 144.3 us
served 1501500 cold layer calls, mean 144.3 us
served 1502000 cold layer calls, mean 144.3 us
served 1502500 cold layer calls, mean 144.3 us
served 1503000 cold layer calls, mean 144.4 us
served 1503500 cold layer calls, mean 144.4 us
served 1504000 cold layer calls, mean 144.4 us
served 1504500 cold layer calls, mean 144.3 us
served 1505000 cold layer calls, mean 144.3 us
served 1505500 cold layer calls, mean 144.3 us
served 1506000 cold layer calls, mean 144.3 us
served 1506500 cold layer calls, mean 144.3 us
served 1507000 cold layer calls, mean 144.3 us
served 1507500 cold layer calls, mean 144.3 us
served 1508000 cold layer calls, mean 144.3 us
served 1508500 cold layer calls, mean 144.3 us
served 1509000 cold layer calls, mean 144.3 us
served 1509500 cold layer calls, mean 144.3 us
served 1510000 cold layer calls, mean 144.3 us
served 1510500 cold layer calls, mean 144.3 us
served 1511000 cold layer calls, mean 144.3 us
served 1511500 cold layer calls, mean 144.3 us
served 1512000 cold layer calls, mean 144.3 us
served 1512500 cold layer calls, mean 144.3 us
served 1513000 cold layer calls, mean 144.3 us
served 1513500 cold layer calls, mean 144.3 us
served 1514000 cold layer calls, mean 144.3 us
served 1514500 cold layer calls, mean 144.3 us
served 1515000 cold layer calls, mean 144.3 us
served 1515500 cold layer calls, mean 144.3 us
served 1516000 cold layer calls, mean 144.3 us
served 1516500 cold layer calls, mean 144.3 us
served 1517000 cold layer calls, mean 144.3 us
served 1517500 cold layer calls, mean 144.3 us
served 1518000 cold layer calls, mean 144.3 us
served 1518500 cold layer calls, mean 144.3 us
served 1519000 cold layer calls, mean 144.3 us
served 1519500 cold layer calls, mean 144.3 us
served 1520000 cold layer calls, mean 144.3 us
served 1520500 cold layer calls, mean 144.3 us
served 1521000 cold layer calls, mean 144.3 us
served 1521500 cold layer calls, mean 144.3 us
served 1522000 cold layer calls, mean 144.3 us
served 1522500 cold layer calls, mean 144.3 us
served 1523000 cold layer calls, mean 144.3 us
served 1523500 cold layer calls, mean 144.3 us
served 1524000 cold layer calls, mean 144.3 us
served 1524500 cold layer calls, mean 144.3 us
served 1525000 cold layer calls, mean 144.2 us
served 1525500 cold layer calls, mean 144.2 us
served 1526000 cold layer calls, mean 144.2 us
served 1526500 cold layer calls, mean 144.2 us
served 1527000 cold layer calls, mean 144.2 us
served 1527500 cold layer calls, mean 144.2 us
served 1528000 cold layer calls, mean 144.2 us
served 1528500 cold layer calls, mean 144.2 us
served 1529000 cold layer calls, mean 144.2 us
served 1529500 cold layer calls, mean 144.2 us
served 1530000 cold layer calls, mean 144.2 us
served 1530500 cold layer calls, mean 144.2 us
served 1531000 cold layer calls, mean 144.2 us
served 1531500 cold layer calls, mean 144.2 us
served 1532000 cold layer calls, mean 144.2 us
served 1532500 cold layer calls, mean 144.2 us
served 1533000 cold layer calls, mean 144.2 us
served 1533500 cold layer calls, mean 144.2 us
served 1534000 cold layer calls, mean 144.2 us
served 1534500 cold layer calls, mean 144.2 us
served 1535000 cold layer calls, mean 144.2 us
served 1535500 cold layer calls, mean 144.3 us
served 1536000 cold layer calls, mean 144.3 us
served 1536500 cold layer calls, mean 144.3 us
served 1537000 cold layer calls, mean 144.3 us
served 1537500 cold layer calls, mean 144.4 us
served 1538000 cold layer calls, mean 144.4 us
served 1538500 cold layer calls, mean 144.4 us
served 1539000 cold layer calls, mean 144.4 us
served 1539500 cold layer calls, mean 144.5 us
served 1540000 cold layer calls, mean 144.5 us
served 1540500 cold layer calls, mean 144.5 us
served 1541000 cold layer calls, mean 144.5 us
served 1541500 cold layer calls, mean 144.5 us
served 1542000 cold layer calls, mean 144.6 us
served 1542500 cold layer calls, mean 144.6 us
served 1543000 cold layer calls, mean 144.6 us
served 1543500 cold layer calls, mean 144.6 us
served 1544000 cold layer calls, mean 144.6 us
served 1544500 cold layer calls, mean 144.7 us
served 1545000 cold layer calls, mean 144.7 us
served 1545500 cold layer calls, mean 144.7 us
served 1546000 cold layer calls, mean 144.7 us
served 1546500 cold layer calls, mean 144.7 us
served 1547000 cold layer calls, mean 144.8 us
served 1547500 cold layer calls, mean 144.8 us
served 1548000 cold layer calls, mean 144.8 us
served 1548500 cold layer calls, mean 144.8 us
served 1549000 cold layer calls, mean 144.9 us
served 1549500 cold layer calls, mean 144.9 us
served 1550000 cold layer calls, mean 144.9 us
served 1550500 cold layer calls, mean 144.9 us
served 1551000 cold layer calls, mean 145.0 us
served 1551500 cold layer calls, mean 145.0 us
served 1552000 cold layer calls, mean 145.0 us
served 1552500 cold layer calls, mean 145.0 us
served 1553000 cold layer calls, mean 145.0 us
served 1553500 cold layer calls, mean 145.1 us
served 1554000 cold layer calls, mean 145.1 us
served 1554500 cold layer calls, mean 145.1 us
served 1555000 cold layer calls, mean 145.1 us
served 1555500 cold layer calls, mean 145.2 us
served 1556000 cold layer calls, mean 145.2 us
served 1556500 cold layer calls, mean 145.2 us
served 1557000 cold layer calls, mean 145.2 us
served 1557500 cold layer calls, mean 145.2 us
served 1558000 cold layer calls, mean 145.3 us
served 1558500 cold layer calls, mean 145.3 us
served 1559000 cold layer calls, mean 145.3 us
served 1559500 cold layer calls, mean 145.3 us
served 1560000 cold layer calls, mean 145.4 us
served 1560500 cold layer calls, mean 145.4 us
served 1561000 cold layer calls, mean 145.4 us
served 1561500 cold layer calls, mean 145.4 us
served 1562000 cold layer calls, mean 145.4 us
served 1562500 cold layer calls, mean 145.5 us
served 1563000 cold layer calls, mean 145.5 us
served 1563500 cold layer calls, mean 145.5 us
served 1564000 cold layer calls, mean 145.5 us
served 1564500 cold layer calls, mean 145.6 us
served 1565000 cold layer calls, mean 145.6 us
served 1565500 cold layer calls, mean 145.6 us
served 1566000 cold layer calls, mean 145.6 us
served 1566500 cold layer calls, mean 145.7 us
served 1567000 cold layer calls, mean 145.7 us
served 1567500 cold layer calls, mean 145.7 us
served 1568000 cold layer calls, mean 145.8 us
served 1568500 cold layer calls, mean 145.8 us
served 1569000 cold layer calls, mean 145.8 us
served 1569500 cold layer calls, mean 145.9 us
served 1570000 cold layer calls, mean 145.9 us
served 1570500 cold layer calls, mean 145.9 us
served 1571000 cold layer calls, mean 145.9 us
served 1571500 cold layer calls, mean 146.0 us
served 1572000 cold layer calls, mean 146.0 us
served 1572500 cold layer calls, mean 146.0 us
served 1573000 cold layer calls, mean 146.1 us
served 1573500 cold layer calls, mean 146.1 us
served 1574000 cold layer calls, mean 146.1 us
served 1574500 cold layer calls, mean 146.1 us
served 1575000 cold layer calls, mean 146.2 us
served 1575500 cold layer calls, mean 146.2 us
served 1576000 cold layer calls, mean 146.2 us
served 1576500 cold layer calls, mean 146.2 us
served 1577000 cold layer calls, mean 146.3 us
served 1577500 cold layer calls, mean 146.3 us
served 1578000 cold layer calls, mean 146.3 us
served 1578500 cold layer calls, mean 146.4 us
served 1579000 cold layer calls, mean 146.4 us
served 1579500 cold layer calls, mean 146.4 us
served 1580000 cold layer calls, mean 146.4 us
served 1580500 cold layer calls, mean 146.4 us
served 1581000 cold layer calls, mean 146.5 us
served 1581500 cold layer calls, mean 146.5 us
served 1582000 cold layer calls, mean 146.5 us
served 1582500 cold layer calls, mean 146.5 us
served 1583000 cold layer calls, mean 146.6 us
served 1583500 cold layer calls, mean 146.6 us
served 1584000 cold layer calls, mean 146.6 us
served 1584500 cold layer calls, mean 146.6 us
served 1585000 cold layer calls, mean 146.7 us
served 1585500 cold layer calls, mean 146.7 us
served 1586000 cold layer calls, mean 146.7 us
served 1586500 cold layer calls, mean 146.7 us
served 1587000 cold layer calls, mean 146.8 us
served 1587500 cold layer calls, mean 146.8 us
served 1588000 cold layer calls, mean 146.8 us
served 1588500 cold layer calls, mean 146.8 us
served 1589000 cold layer calls, mean 146.9 us
served 1589500 cold layer calls, mean 146.9 us
served 1590000 cold layer calls, mean 146.9 us
served 1590500 cold layer calls, mean 146.9 us
served 1591000 cold layer calls, mean 147.0 us
served 1591500 cold layer calls, mean 147.0 us
served 1592000 cold layer calls, mean 147.0 us
served 1592500 cold layer calls, mean 147.1 us
served 1593000 cold layer calls, mean 147.1 us
served 1593500 cold layer calls, mean 147.1 us
served 1594000 cold layer calls, mean 147.2 us
served 1594500 cold layer calls, mean 147.2 us
served 1595000 cold layer calls, mean 147.2 us
served 1595500 cold layer calls, mean 147.3 us
served 1596000 cold layer calls, mean 147.3 us
served 1596500 cold layer calls, mean 147.3 us
served 1597000 cold layer calls, mean 147.3 us
served 1597500 cold layer calls, mean 147.3 us
served 1598000 cold layer calls, mean 147.3 us
served 1598500 cold layer calls, mean 147.3 us
served 1599000 cold layer calls, mean 147.3 us
served 1599500 cold layer calls, mean 147.3 us
served 1600000 cold layer calls, mean 147.3 us
served 1600500 cold layer calls, mean 147.3 us
served 1601000 cold layer calls, mean 147.3 us
served 1601500 cold layer calls, mean 147.3 us
served 1602000 cold layer calls, mean 147.3 us
served 1602500 cold layer calls, mean 147.2 us
served 1603000 cold layer calls, mean 147.2 us
served 1603500 cold layer calls, mean 147.2 us
served 1604000 cold layer calls, mean 147.2 us
served 1604500 cold layer calls, mean 147.2 us
served 1605000 cold layer calls, mean 147.2 us
served 1605500 cold layer calls, mean 147.2 us
served 1606000 cold layer calls, mean 147.2 us
served 1606500 cold layer calls, mean 147.2 us
served 1607000 cold layer calls, mean 147.1 us
served 1607500 cold layer calls, mean 147.1 us
served 1608000 cold layer calls, mean 147.1 us
served 1608500 cold layer calls, mean 147.1 us
served 1609000 cold layer calls, mean 147.1 us
served 1609500 cold layer calls, mean 147.1 us
served 1610000 cold layer calls, mean 147.1 us
served 1610500 cold layer calls, mean 147.1 us
served 1611000 cold layer calls, mean 147.1 us
served 1611500 cold layer calls, mean 147.1 us
served 1612000 cold layer calls, mean 147.1 us
served 1612500 cold layer calls, mean 147.1 us
served 1613000 cold layer calls, mean 147.1 us
served 1613500 cold layer calls, mean 147.1 us
served 1614000 cold layer calls, mean 147.1 us
served 1614500 cold layer calls, mean 147.0 us
served 1615000 cold layer calls, mean 147.0 us
served 1615500 cold layer calls, mean 147.0 us
served 1616000 cold layer calls, mean 147.0 us
served 1616500 cold layer calls, mean 147.0 us
served 1617000 cold layer calls, mean 147.0 us
served 1617500 cold layer calls, mean 147.0 us
served 1618000 cold layer calls, mean 147.0 us
served 1618500 cold layer calls, mean 147.0 us
served 1619000 cold layer calls, mean 147.0 us
served 1619500 cold layer calls, mean 147.0 us
served 1620000 cold layer calls, mean 147.0 us
served 1620500 cold layer calls, mean 147.0 us
served 1621000 cold layer calls, mean 147.0 us
served 1621500 cold layer calls, mean 147.0 us
served 1622000 cold layer calls, mean 147.0 us
served 1622500 cold layer calls, mean 147.0 us
served 1623000 cold layer calls, mean 147.0 us
served 1623500 cold layer calls, mean 147.0 us
served 1624000 cold layer calls, mean 147.0 us
served 1624500 cold layer calls, mean 147.0 us
served 1625000 cold layer calls, mean 147.0 us
served 1625500 cold layer calls, mean 147.0 us
served 1626000 cold layer calls, mean 147.0 us
served 1626500 cold layer calls, mean 147.0 us
served 1627000 cold layer calls, mean 146.9 us
served 1627500 cold layer calls, mean 146.9 us
served 1628000 cold layer calls, mean 146.9 us
served 1628500 cold layer calls, mean 146.9 us
served 1629000 cold layer calls, mean 146.9 us
served 1629500 cold layer calls, mean 146.9 us
served 1630000 cold layer calls, mean 146.9 us
served 1630500 cold layer calls, mean 146.9 us
served 1631000 cold layer calls, mean 146.9 us
served 1631500 cold layer calls, mean 146.8 us
served 1632000 cold layer calls, mean 146.8 us
served 1632500 cold layer calls, mean 146.8 us
served 1633000 cold layer calls, mean 146.8 us
served 1633500 cold layer calls, mean 146.8 us
served 1634000 cold layer calls, mean 146.8 us
served 1634500 cold layer calls, mean 146.8 us
served 1635000 cold layer calls, mean 146.8 us
served 1635500 cold layer calls, mean 146.8 us
served 1636000 cold layer calls, mean 146.8 us
served 1636500 cold layer calls, mean 146.8 us
served 1637000 cold layer calls, mean 146.8 us
served 1637500 cold layer calls, mean 146.8 us
served 1638000 cold layer calls, mean 146.8 us
served 1638500 cold layer calls, mean 146.7 us
served 1639000 cold layer calls, mean 146.7 us
served 1639500 cold layer calls, mean 146.7 us
served 1640000 cold layer calls, mean 146.7 us
served 1640500 cold layer calls, mean 146.7 us
served 1641000 cold layer calls, mean 146.7 us
served 1641500 cold layer calls, mean 146.7 us
served 1642000 cold layer calls, mean 146.7 us
served 1642500 cold layer calls, mean 146.7 us
served 1643000 cold layer calls, mean 146.7 us
served 1643500 cold layer calls, mean 146.7 us
served 1644000 cold layer calls, mean 146.7 us
served 1644500 cold layer calls, mean 146.7 us
served 1645000 cold layer calls, mean 146.7 us
served 1645500 cold layer calls, mean 146.7 us
served 1646000 cold layer calls, mean 146.6 us
served 1646500 cold layer calls, mean 146.6 us
served 1647000 cold layer calls, mean 146.6 us
served 1647500 cold layer calls, mean 146.6 us
served 1648000 cold layer calls, mean 146.6 us
served 1648500 cold layer calls, mean 146.6 us
served 1649000 cold layer calls, mean 146.6 us
served 1649500 cold layer calls, mean 146.6 us
served 1650000 cold layer calls, mean 146.6 us
served 1650500 cold layer calls, mean 146.6 us
served 1651000 cold layer calls, mean 146.6 us
served 1651500 cold layer calls, mean 146.6 us
served 1652000 cold layer calls, mean 146.6 us
served 1652500 cold layer calls, mean 146.6 us
served 1653000 cold layer calls, mean 146.6 us
served 1653500 cold layer calls, mean 146.6 us
served 1654000 cold layer calls, mean 146.6 us
served 1654500 cold layer calls, mean 146.6 us
served 1655000 cold layer calls, mean 146.7 us
served 1655500 cold layer calls, mean 146.7 us
served 1656000 cold layer calls, mean 146.7 us
served 1656500 cold layer calls, mean 146.7 us
served 1657000 cold layer calls, mean 146.6 us
served 1657500 cold layer calls, mean 146.6 us
served 1658000 cold layer calls, mean 146.6 us
served 1658500 cold layer calls, mean 146.6 us
served 1659000 cold layer calls, mean 146.6 us
served 1659500 cold layer calls, mean 146.6 us
served 1660000 cold layer calls, mean 146.6 us
served 1660500 cold layer calls, mean 146.6 us
served 1661000 cold layer calls, mean 146.6 us
served 1661500 cold layer calls, mean 146.6 us
served 1662000 cold layer calls, mean 146.6 us
served 1662500 cold layer calls, mean 146.6 us
served 1663000 cold layer calls, mean 146.6 us
served 1663500 cold layer calls, mean 146.6 us
served 1664000 cold layer calls, mean 146.6 us
served 1664500 cold layer calls, mean 146.6 us
served 1665000 cold layer calls, mean 146.6 us
served 1665500 cold layer calls, mean 146.6 us
served 1666000 cold layer calls, mean 146.6 us
served 1666500 cold layer calls, mean 146.6 us
served 1667000 cold layer calls, mean 146.6 us
served 1667500 cold layer calls, mean 146.5 us
served 1668000 cold layer calls, mean 146.5 us
served 1668500 cold layer calls, mean 146.5 us
served 1669000 cold layer calls, mean 146.5 us
served 1669500 cold layer calls, mean 146.5 us
served 1670000 cold layer calls, mean 146.5 us
served 1670500 cold layer calls, mean 146.5 us
served 1671000 cold layer calls, mean 146.5 us
served 1671500 cold layer calls, mean 146.5 us
served 1672000 cold layer calls, mean 146.5 us
served 1672500 cold layer calls, mean 146.4 us
served 1673000 cold layer calls, mean 146.4 us
served 1673500 cold layer calls, mean 146.4 us
served 1674000 cold layer calls, mean 146.4 us
served 1674500 cold layer calls, mean 146.4 us
served 1675000 cold layer calls, mean 146.4 us
served 1675500 cold layer calls, mean 146.4 us
served 1676000 cold layer calls, mean 146.4 us
served 1676500 cold layer calls, mean 146.4 us
served 1677000 cold layer calls, mean 146.4 us
served 1677500 cold layer calls, mean 146.5 us
served 1678000 cold layer calls, mean 146.5 us
served 1678500 cold layer calls, mean 146.5 us
served 1679000 cold layer calls, mean 146.5 us
served 1679500 cold layer calls, mean 146.5 us
served 1680000 cold layer calls, mean 146.5 us
served 1680500 cold layer calls, mean 146.5 us
served 1681000 cold layer calls, mean 146.5 us
served 1681500 cold layer calls, mean 146.5 us
served 1682000 cold layer calls, mean 146.5 us
served 1682500 cold layer calls, mean 146.5 us
served 1683000 cold layer calls, mean 146.6 us
served 1683500 cold layer calls, mean 146.6 us
served 1684000 cold layer calls, mean 146.6 us
served 1684500 cold layer calls, mean 146.6 us
served 1685000 cold layer calls, mean 146.6 us
served 1685500 cold layer calls, mean 146.6 us
served 1686000 cold layer calls, mean 146.6 us
served 1686500 cold layer calls, mean 146.6 us
served 1687000 cold layer calls, mean 146.6 us
served 1687500 cold layer calls, mean 146.6 us
served 1688000 cold layer calls, mean 146.6 us
served 1688500 cold layer calls, mean 146.6 us
served 1689000 cold layer calls, mean 146.6 us
served 1689500 cold layer calls, mean 146.6 us
served 1690000 cold layer calls, mean 146.6 us
served 1690500 cold layer calls, mean 146.7 us
served 1691000 cold layer calls, mean 146.7 us
served 1691500 cold layer calls, mean 146.7 us
served 1692000 cold layer calls, mean 146.7 us
served 1692500 cold layer calls, mean 146.7 us
served 1693000 cold layer calls, mean 146.7 us
served 1693500 cold layer calls, mean 146.7 us
served 1694000 cold layer calls, mean 146.7 us
served 1694500 cold layer calls, mean 146.7 us
served 1695000 cold layer calls, mean 146.7 us
served 1695500 cold layer calls, mean 146.7 us
served 1696000 cold layer calls, mean 146.8 us
served 1696500 cold layer calls, mean 146.8 us
served 1697000 cold layer calls, mean 146.8 us
served 1697500 cold layer calls, mean 146.8 us
served 1698000 cold layer calls, mean 146.8 us
served 1698500 cold layer calls, mean 146.8 us
served 1699000 cold layer calls, mean 146.8 us
served 1699500 cold layer calls, mean 146.8 us
served 1700000 cold layer calls, mean 146.8 us
served 1700500 cold layer calls, mean 146.8 us
served 1701000 cold layer calls, mean 146.8 us
served 1701500 cold layer calls, mean 146.8 us
served 1702000 cold layer calls, mean 146.9 us
served 1702500 cold layer calls, mean 146.9 us
served 1703000 cold layer calls, mean 146.9 us
served 1703500 cold layer calls, mean 146.9 us
served 1704000 cold layer calls, mean 146.9 us
served 1704500 cold layer calls, mean 146.9 us
served 1705000 cold layer calls, mean 146.9 us
served 1705500 cold layer calls, mean 146.9 us
served 1706000 cold layer calls, mean 146.9 us
served 1706500 cold layer calls, mean 146.9 us
served 1707000 cold layer calls, mean 147.0 us
served 1707500 cold layer calls, mean 147.0 us
served 1708000 cold layer calls, mean 147.0 us
served 1708500 cold layer calls, mean 147.0 us
served 1709000 cold layer calls, mean 147.0 us
served 1709500 cold layer calls, mean 147.0 us
served 1710000 cold layer calls, mean 147.0 us
served 1710500 cold layer calls, mean 147.1 us
served 1711000 cold layer calls, mean 147.1 us
served 1711500 cold layer calls, mean 147.1 us
served 1712000 cold layer calls, mean 147.1 us
served 1712500 cold layer calls, mean 147.1 us
served 1713000 cold layer calls, mean 147.1 us
served 1713500 cold layer calls, mean 147.1 us
served 1714000 cold layer calls, mean 147.1 us
served 1714500 cold layer calls, mean 147.1 us
served 1715000 cold layer calls, mean 147.1 us
served 1715500 cold layer calls, mean 147.2 us
served 1716000 cold layer calls, mean 147.2 us
served 1716500 cold layer calls, mean 147.2 us
served 1717000 cold layer calls, mean 147.2 us
served 1717500 cold layer calls, mean 147.2 us
served 1718000 cold layer calls, mean 147.2 us
served 1718500 cold layer calls, mean 147.2 us
served 1719000 cold layer calls, mean 147.2 us
served 1719500 cold layer calls, mean 147.2 us
served 1720000 cold layer calls, mean 147.3 us
served 1720500 cold layer calls, mean 147.3 us
served 1721000 cold layer calls, mean 147.3 us
served 1721500 cold layer calls, mean 147.3 us
served 1722000 cold layer calls, mean 147.3 us
served 1722500 cold layer calls, mean 147.3 us
served 1723000 cold layer calls, mean 147.3 us
served 1723500 cold layer calls, mean 147.3 us
served 1724000 cold layer calls, mean 147.3 us
served 1724500 cold layer calls, mean 147.4 us
served 1725000 cold layer calls, mean 147.4 us
served 1725500 cold layer calls, mean 147.4 us
served 1726000 cold layer calls, mean 147.4 us
served 1726500 cold layer calls, mean 147.4 us
served 1727000 cold layer calls, mean 147.4 us
served 1727500 cold layer calls, mean 147.5 us
served 1728000 cold layer calls, mean 147.5 us
served 1728500 cold layer calls, mean 147.5 us
served 1729000 cold layer calls, mean 147.5 us
served 1729500 cold layer calls, mean 147.5 us
served 1730000 cold layer calls, mean 147.6 us
served 1730500 cold layer calls, mean 147.6 us
served 1731000 cold layer calls, mean 147.6 us
served 1731500 cold layer calls, mean 147.6 us
served 1732000 cold layer calls, mean 147.7 us
served 1732500 cold layer calls, mean 147.7 us
served 1733000 cold layer calls, mean 147.7 us
served 1733500 cold layer calls, mean 147.7 us
served 1734000 cold layer calls, mean 147.7 us
served 1734500 cold layer calls, mean 147.7 us
served 1735000 cold layer calls, mean 147.8 us
served 1735500 cold layer calls, mean 147.8 us
served 1736000 cold layer calls, mean 147.8 us
served 1736500 cold layer calls, mean 147.8 us
served 1737000 cold layer calls, mean 147.9 us
served 1737500 cold layer calls, mean 147.9 us
served 1738000 cold layer calls, mean 147.9 us
served 1738500 cold layer calls, mean 147.9 us
served 1739000 cold layer calls, mean 147.9 us
served 1739500 cold layer calls, mean 147.9 us
served 1740000 cold layer calls, mean 147.9 us
served 1740500 cold layer calls, mean 147.9 us
served 1741000 cold layer calls, mean 147.9 us
served 1741500 cold layer calls, mean 147.9 us
served 1742000 cold layer calls, mean 147.9 us
served 1742500 cold layer calls, mean 147.9 us
served 1743000 cold layer calls, mean 147.9 us
served 1743500 cold layer calls, mean 147.9 us
served 1744000 cold layer calls, mean 147.9 us
served 1744500 cold layer calls, mean 147.9 us
served 1745000 cold layer calls, mean 147.9 us
served 1745500 cold layer calls, mean 147.9 us
served 1746000 cold layer calls, mean 147.9 us
served 1746500 cold layer calls, mean 147.9 us
served 1747000 cold layer calls, mean 147.9 us
served 1747500 cold layer calls, mean 147.9 us
served 1748000 cold layer calls, mean 147.9 us
served 1748500 cold layer calls, mean 147.9 us
served 1749000 cold layer calls, mean 147.9 us
served 1749500 cold layer calls, mean 147.9 us
served 1750000 cold layer calls, mean 147.9 us
served 1750500 cold layer calls, mean 147.9 us
served 1751000 cold layer calls, mean 147.9 us
served 1751500 cold layer calls, mean 147.8 us
served 1752000 cold layer calls, mean 147.8 us
served 1752500 cold layer calls, mean 147.8 us
served 1753000 cold layer calls, mean 147.8 us
served 1753500 cold layer calls, mean 147.8 us
served 1754000 cold layer calls, mean 147.8 us
served 1754500 cold layer calls, mean 147.8 us
served 1755000 cold layer calls, mean 147.8 us
served 1755500 cold layer calls, mean 147.8 us
served 1756000 cold layer calls, mean 147.8 us
served 1756500 cold layer calls, mean 147.8 us
served 1757000 cold layer calls, mean 147.8 us
served 1757500 cold layer calls, mean 147.8 us
served 1758000 cold layer calls, mean 147.8 us
served 1758500 cold layer calls, mean 147.8 us
served 1759000 cold layer calls, mean 147.8 us
served 1759500 cold layer calls, mean 147.8 us
served 1760000 cold layer calls, mean 147.8 us
served 1760500 cold layer calls, mean 147.8 us
served 1761000 cold layer calls, mean 147.8 us
served 1761500 cold layer calls, mean 147.8 us
served 1762000 cold layer calls, mean 147.8 us
served 1762500 cold layer calls, mean 147.8 us
served 1763000 cold layer calls, mean 147.8 us
served 1763500 cold layer calls, mean 147.8 us
served 1764000 cold layer calls, mean 147.8 us
served 1764500 cold layer calls, mean 147.8 us
served 1765000 cold layer calls, mean 147.8 us
served 1765500 cold layer calls, mean 147.7 us
served 1766000 cold layer calls, mean 147.7 us
served 1766500 cold layer calls, mean 147.7 us
served 1767000 cold layer calls, mean 147.7 us
served 1767500 cold layer calls, mean 147.7 us
served 1768000 cold layer calls, mean 147.7 us
served 1768500 cold layer calls, mean 147.7 us
served 1769000 cold layer calls, mean 147.7 us
served 1769500 cold layer calls, mean 147.7 us
served 1770000 cold layer calls, mean 147.7 us
served 1770500 cold layer calls, mean 147.7 us
served 1771000 cold layer calls, mean 147.7 us
served 1771500 cold layer calls, mean 147.7 us
served 1772000 cold layer calls, mean 147.7 us
served 1772500 cold layer calls, mean 147.7 us
served 1773000 cold layer calls, mean 147.7 us
served 1773500 cold layer calls, mean 147.7 us
served 1774000 cold layer calls, mean 147.7 us
served 1774500 cold layer calls, mean 147.7 us
served 1775000 cold layer calls, mean 147.7 us
served 1775500 cold layer calls, mean 147.7 us
served 1776000 cold layer calls, mean 147.7 us
served 1776500 cold layer calls, mean 147.7 us
served 1777000 cold layer calls, mean 147.7 us
served 1777500 cold layer calls, mean 147.7 us
served 1778000 cold layer calls, mean 147.6 us
served 1778500 cold layer calls, mean 147.6 us
served 1779000 cold layer calls, mean 147.6 us
served 1779500 cold layer calls, mean 147.6 us
served 1780000 cold layer calls, mean 147.6 us
served 1780500 cold layer calls, mean 147.6 us
served 1781000 cold layer calls, mean 147.6 us
served 1781500 cold layer calls, mean 147.6 us
served 1782000 cold layer calls, mean 147.6 us
served 1782500 cold layer calls, mean 147.6 us
served 1783000 cold layer calls, mean 147.6 us
served 1783500 cold layer calls, mean 147.6 us
served 1784000 cold layer calls, mean 147.6 us
served 1784500 cold layer calls, mean 147.6 us
served 1785000 cold layer calls, mean 147.6 us
served 1785500 cold layer calls, mean 147.6 us
served 1786000 cold layer calls, mean 147.6 us
served 1786500 cold layer calls, mean 147.6 us
served 1787000 cold layer calls, mean 147.6 us
served 1787500 cold layer calls, mean 147.6 us
served 1788000 cold layer calls, mean 147.6 us
served 1788500 cold layer calls, mean 147.6 us
served 1789000 cold layer calls, mean 147.6 us
served 1789500 cold layer calls, mean 147.6 us
served 1790000 cold layer calls, mean 147.6 us
served 1790500 cold layer calls, mean 147.6 us
served 1791000 cold layer calls, mean 147.6 us
served 1791500 cold layer calls, mean 147.6 us
served 1792000 cold layer calls, mean 147.6 us
served 1792500 cold layer calls, mean 147.6 us
served 1793000 cold layer calls, mean 147.6 us
served 1793500 cold layer calls, mean 147.5 us
served 1794000 cold layer calls, mean 147.5 us
served 1794500 cold layer calls, mean 147.5 us
served 1795000 cold layer calls, mean 147.5 us
served 1795500 cold layer calls, mean 147.5 us
served 1796000 cold layer calls, mean 147.5 us
served 1796500 cold layer calls, mean 147.5 us
served 1797000 cold layer calls, mean 147.5 us
served 1797500 cold layer calls, mean 147.5 us
served 1798000 cold layer calls, mean 147.5 us
served 1798500 cold layer calls, mean 147.5 us
served 1799000 cold layer calls, mean 147.5 us
served 1799500 cold layer calls, mean 147.5 us
served 1800000 cold layer calls, mean 147.5 us
served 1800500 cold layer calls, mean 147.5 us
served 1801000 cold layer calls, mean 147.5 us
served 1801500 cold layer calls, mean 147.5 us
served 1802000 cold layer calls, mean 147.5 us
served 1802500 cold layer calls, mean 147.5 us
served 1803000 cold layer calls, mean 147.4 us
served 1803500 cold layer calls, mean 147.4 us
served 1804000 cold layer calls, mean 147.4 us
served 1804500 cold layer calls, mean 147.4 us
served 1805000 cold layer calls, mean 147.4 us
served 1805500 cold layer calls, mean 147.4 us
served 1806000 cold layer calls, mean 147.4 us
served 1806500 cold layer calls, mean 147.4 us
served 1807000 cold layer calls, mean 147.4 us
served 1807500 cold layer calls, mean 147.4 us
served 1808000 cold layer calls, mean 147.4 us
served 1808500 cold layer calls, mean 147.4 us
served 1809000 cold layer calls, mean 147.4 us
served 1809500 cold layer calls, mean 147.4 us
served 1810000 cold layer calls, mean 147.4 us
served 1810500 cold layer calls, mean 147.4 us
served 1811000 cold layer calls, mean 147.4 us
served 1811500 cold layer calls, mean 147.4 us
served 1812000 cold layer calls, mean 147.4 us
served 1812500 cold layer calls, mean 147.4 us
served 1813000 cold layer calls, mean 147.4 us
served 1813500 cold layer calls, mean 147.4 us
served 1814000 cold layer calls, mean 147.4 us
served 1814500 cold layer calls, mean 147.4 us
served 1815000 cold layer calls, mean 147.4 us
served 1815500 cold layer calls, mean 147.4 us
served 1816000 cold layer calls, mean 147.4 us
served 1816500 cold layer calls, mean 147.4 us
served 1817000 cold layer calls, mean 147.4 us
served 1817500 cold layer calls, mean 147.3 us
served 1818000 cold layer calls, mean 147.3 us
served 1818500 cold layer calls, mean 147.3 us
served 1819000 cold layer calls, mean 147.3 us
served 1819500 cold layer calls, mean 147.3 us
served 1820000 cold layer calls, mean 147.3 us
served 1820500 cold layer calls, mean 147.3 us
served 1821000 cold layer calls, mean 147.3 us
served 1821500 cold layer calls, mean 147.3 us
served 1822000 cold layer calls, mean 147.3 us
served 1822500 cold layer calls, mean 147.4 us
served 1823000 cold layer calls, mean 147.4 us
served 1823500 cold layer calls, mean 147.4 us
served 1824000 cold layer calls, mean 147.4 us
served 1824500 cold layer calls, mean 147.4 us
served 1825000 cold layer calls, mean 147.5 us
served 1825500 cold layer calls, mean 147.5 us
served 1826000 cold layer calls, mean 147.5 us
served 1826500 cold layer calls, mean 147.5 us
served 1827000 cold layer calls, mean 147.5 us
served 1827500 cold layer calls, mean 147.5 us
served 1828000 cold layer calls, mean 147.6 us
served 1828500 cold layer calls, mean 147.6 us
served 1829000 cold layer calls, mean 147.6 us
served 1829500 cold layer calls, mean 147.6 us
served 1830000 cold layer calls, mean 147.6 us
served 1830500 cold layer calls, mean 147.7 us
served 1831000 cold layer calls, mean 147.7 us
served 1831500 cold layer calls, mean 147.7 us
served 1832000 cold layer calls, mean 147.7 us
served 1832500 cold layer calls, mean 147.7 us
served 1833000 cold layer calls, mean 147.7 us
served 1833500 cold layer calls, mean 147.7 us
served 1834000 cold layer calls, mean 147.8 us
served 1834500 cold layer calls, mean 147.8 us
served 1835000 cold layer calls, mean 147.8 us
served 1835500 cold layer calls, mean 147.8 us
served 1836000 cold layer calls, mean 147.8 us
served 1836500 cold layer calls, mean 147.9 us
served 1837000 cold layer calls, mean 147.9 us
served 1837500 cold layer calls, mean 147.9 us
served 1838000 cold layer calls, mean 147.9 us
served 1838500 cold layer calls, mean 147.9 us
served 1839000 cold layer calls, mean 147.9 us
served 1839500 cold layer calls, mean 148.0 us
served 1840000 cold layer calls, mean 148.0 us
served 1840500 cold layer calls, mean 148.0 us
served 1841000 cold layer calls, mean 148.0 us
served 1841500 cold layer calls, mean 148.0 us
served 1842000 cold layer calls, mean 148.0 us
served 1842500 cold layer calls, mean 148.1 us
served 1843000 cold layer calls, mean 148.1 us
served 1843500 cold layer calls, mean 148.1 us
served 1844000 cold layer calls, mean 148.1 us
served 1844500 cold layer calls, mean 148.1 us
served 1845000 cold layer calls, mean 148.2 us
served 1845500 cold layer calls, mean 148.2 us
served 1846000 cold layer calls, mean 148.2 us
served 1846500 cold layer calls, mean 148.2 us
served 1847000 cold layer calls, mean 148.2 us
served 1847500 cold layer calls, mean 148.3 us
served 1848000 cold layer calls, mean 148.3 us
served 1848500 cold layer calls, mean 148.3 us
served 1849000 cold layer calls, mean 148.3 us
served 1849500 cold layer calls, mean 148.3 us
served 1850000 cold layer calls, mean 148.4 us
served 1850500 cold layer calls, mean 148.4 us
served 1851000 cold layer calls, mean 148.4 us
served 1851500 cold layer calls, mean 148.4 us
served 1852000 cold layer calls, mean 148.5 us
served 1852500 cold layer calls, mean 148.5 us
served 1853000 cold layer calls, mean 148.5 us
served 1853500 cold layer calls, mean 148.5 us
served 1854000 cold layer calls, mean 148.5 us
served 1854500 cold layer calls, mean 148.6 us
served 1855000 cold layer calls, mean 148.6 us
served 1855500 cold layer calls, mean 148.6 us
served 1856000 cold layer calls, mean 148.6 us
served 1856500 cold layer calls, mean 148.7 us
served 1857000 cold layer calls, mean 148.7 us
served 1857500 cold layer calls, mean 148.7 us
served 1858000 cold layer calls, mean 148.7 us
served 1858500 cold layer calls, mean 148.7 us
served 1859000 cold layer calls, mean 148.8 us
served 1859500 cold layer calls, mean 148.8 us
served 1860000 cold layer calls, mean 148.8 us
served 1860500 cold layer calls, mean 148.8 us
served 1861000 cold layer calls, mean 148.9 us
served 1861500 cold layer calls, mean 148.9 us
served 1862000 cold layer calls, mean 148.9 us
served 1862500 cold layer calls, mean 148.9 us
served 1863000 cold layer calls, mean 149.0 us
served 1863500 cold layer calls, mean 149.0 us
served 1864000 cold layer calls, mean 149.0 us
served 1864500 cold layer calls, mean 149.0 us
served 1865000 cold layer calls, mean 149.1 us
served 1865500 cold layer calls, mean 149.1 us
served 1866000 cold layer calls, mean 149.1 us
served 1866500 cold layer calls, mean 149.2 us
served 1867000 cold layer calls, mean 149.2 us
served 1867500 cold layer calls, mean 149.2 us
served 1868000 cold layer calls, mean 149.3 us
served 1868500 cold layer calls, mean 149.3 us
served 1869000 cold layer calls, mean 149.3 us
served 1869500 cold layer calls, mean 149.3 us
served 1870000 cold layer calls, mean 149.4 us
served 1870500 cold layer calls, mean 149.4 us
served 1871000 cold layer calls, mean 149.4 us
served 1871500 cold layer calls, mean 149.4 us
served 1872000 cold layer calls, mean 149.4 us
served 1872500 cold layer calls, mean 149.5 us
served 1873000 cold layer calls, mean 149.5 us
served 1873500 cold layer calls, mean 149.5 us
served 1874000 cold layer calls, mean 149.5 us
served 1874500 cold layer calls, mean 149.5 us
served 1875000 cold layer calls, mean 149.5 us
served 1875500 cold layer calls, mean 149.6 us
served 1876000 cold layer calls, mean 149.6 us
served 1876500 cold layer calls, mean 149.6 us
served 1877000 cold layer calls, mean 149.6 us
served 1877500 cold layer calls, mean 149.6 us
served 1878000 cold layer calls, mean 149.7 us
served 1878500 cold layer calls, mean 149.7 us
served 1879000 cold layer calls, mean 149.7 us
served 1879500 cold layer calls, mean 149.7 us
served 1880000 cold layer calls, mean 149.7 us
served 1880500 cold layer calls, mean 149.8 us
served 1881000 cold layer calls, mean 149.8 us
served 1881500 cold layer calls, mean 149.8 us
served 1882000 cold layer calls, mean 149.8 us
served 1882500 cold layer calls, mean 149.8 us
served 1883000 cold layer calls, mean 149.9 us
served 1883500 cold layer calls, mean 149.9 us
served 1884000 cold layer calls, mean 149.9 us
served 1884500 cold layer calls, mean 149.9 us
served 1885000 cold layer calls, mean 149.9 us
served 1885500 cold layer calls, mean 149.9 us
served 1886000 cold layer calls, mean 149.9 us
served 1886500 cold layer calls, mean 149.9 us
served 1887000 cold layer calls, mean 149.9 us
served 1887500 cold layer calls, mean 149.9 us
served 1888000 cold layer calls, mean 149.9 us
served 1888500 cold layer calls, mean 149.9 us
served 1889000 cold layer calls, mean 149.9 us
served 1889500 cold layer calls, mean 149.9 us
served 1890000 cold layer calls, mean 149.9 us
served 1890500 cold layer calls, mean 149.8 us
served 1891000 cold layer calls, mean 149.8 us
served 1891500 cold layer calls, mean 149.8 us
served 1892000 cold layer calls, mean 149.8 us
served 1892500 cold layer calls, mean 149.8 us
served 1893000 cold layer calls, mean 149.8 us
served 1893500 cold layer calls, mean 149.8 us
served 1894000 cold layer calls, mean 149.8 us
served 1894500 cold layer calls, mean 149.8 us
served 1895000 cold layer calls, mean 149.8 us
served 1895500 cold layer calls, mean 149.8 us
served 1896000 cold layer calls, mean 149.8 us
served 1896500 cold layer calls, mean 149.8 us
served 1897000 cold layer calls, mean 149.7 us
served 1897500 cold layer calls, mean 149.7 us
served 1898000 cold layer calls, mean 149.7 us
served 1898500 cold layer calls, mean 149.7 us
served 1899000 cold layer calls, mean 149.7 us
served 1899500 cold layer calls, mean 149.7 us
served 1900000 cold layer calls, mean 149.7 us
served 1900500 cold layer calls, mean 149.7 us
served 1901000 cold layer calls, mean 149.7 us
served 1901500 cold layer calls, mean 149.6 us
served 1902000 cold layer calls, mean 149.6 us
served 1902500 cold layer calls, mean 149.6 us
served 1903000 cold layer calls, mean 149.6 us
served 1903500 cold layer calls, mean 149.6 us
served 1904000 cold layer calls, mean 149.6 us
served 1904500 cold layer calls, mean 149.6 us
served 1905000 cold layer calls, mean 149.6 us
served 1905500 cold layer calls, mean 149.6 us
served 1906000 cold layer calls, mean 149.6 us
served 1906500 cold layer calls, mean 149.6 us
served 1907000 cold layer calls, mean 149.6 us
served 1907500 cold layer calls, mean 149.6 us
served 1908000 cold layer calls, mean 149.5 us
served 1908500 cold layer calls, mean 149.5 us
served 1909000 cold layer calls, mean 149.5 us
served 1909500 cold layer calls, mean 149.5 us
served 1910000 cold layer calls, mean 149.5 us
served 1910500 cold layer calls, mean 149.5 us
served 1911000 cold layer calls, mean 149.5 us
served 1911500 cold layer calls, mean 149.5 us
served 1912000 cold layer calls, mean 149.5 us
served 1912500 cold layer calls, mean 149.5 us
served 1913000 cold layer calls, mean 149.5 us
served 1913500 cold layer calls, mean 149.5 us
served 1914000 cold layer calls, mean 149.5 us
served 1914500 cold layer calls, mean 149.5 us
served 1915000 cold layer calls, mean 149.5 us
served 1915500 cold layer calls, mean 149.5 us
served 1916000 cold layer calls, mean 149.4 us
served 1916500 cold layer calls, mean 149.4 us
served 1917000 cold layer calls, mean 149.4 us
served 1917500 cold layer calls, mean 149.4 us
served 1918000 cold layer calls, mean 149.4 us
served 1918500 cold layer calls, mean 149.4 us
served 1919000 cold layer calls, mean 149.4 us
served 1919500 cold layer calls, mean 149.4 us
served 1920000 cold layer calls, mean 149.4 us
served 1920500 cold layer calls, mean 149.4 us
served 1921000 cold layer calls, mean 149.4 us
served 1921500 cold layer calls, mean 149.4 us
served 1922000 cold layer calls, mean 149.3 us
served 1922500 cold layer calls, mean 149.4 us
served 1923000 cold layer calls, mean 149.3 us
served 1923500 cold layer calls, mean 149.3 us
served 1924000 cold layer calls, mean 149.3 us
served 1924500 cold layer calls, mean 149.3 us
served 1925000 cold layer calls, mean 149.3 us
served 1925500 cold layer calls, mean 149.3 us
served 1926000 cold layer calls, mean 149.3 us
served 1926500 cold layer calls, mean 149.3 us
served 1927000 cold layer calls, mean 149.3 us
served 1927500 cold layer calls, mean 149.3 us
served 1928000 cold layer calls, mean 149.3 us
served 1928500 cold layer calls, mean 149.3 us
served 1929000 cold layer calls, mean 149.2 us
served 1929500 cold layer calls, mean 149.2 us
served 1930000 cold layer calls, mean 149.2 us
served 1930500 cold layer calls, mean 149.2 us
served 1931000 cold layer calls, mean 149.2 us
served 1931500 cold layer calls, mean 149.2 us
served 1932000 cold layer calls, mean 149.2 us
served 1932500 cold layer calls, mean 149.2 us
served 1933000 cold layer calls, mean 149.2 us
served 1933500 cold layer calls, mean 149.2 us
served 1934000 cold layer calls, mean 149.2 us
served 1934500 cold layer calls, mean 149.2 us
served 1935000 cold layer calls, mean 149.1 us
served 1935500 cold layer calls, mean 149.1 us
served 1936000 cold layer calls, mean 149.1 us
served 1936500 cold layer calls, mean 149.1 us
served 1937000 cold layer calls, mean 149.1 us
served 1937500 cold layer calls, mean 149.1 us
served 1938000 cold layer calls, mean 149.1 us
served 1938500 cold layer calls, mean 149.1 us
served 1939000 cold layer calls, mean 149.1 us
served 1939500 cold layer calls, mean 149.1 us
served 1940000 cold layer calls, mean 149.1 us
served 1940500 cold layer calls, mean 149.1 us
served 1941000 cold layer calls, mean 149.1 us
served 1941500 cold layer calls, mean 149.1 us
served 1942000 cold layer calls, mean 149.1 us
served 1942500 cold layer calls, mean 149.1 us
served 1943000 cold layer calls, mean 149.1 us
served 1943500 cold layer calls, mean 149.0 us
served 1944000 cold layer calls, mean 149.0 us
served 1944500 cold layer calls, mean 149.0 us
served 1945000 cold layer calls, mean 149.0 us
served 1945500 cold layer calls, mean 149.0 us
served 1946000 cold layer calls, mean 149.0 us
served 1946500 cold layer calls, mean 149.0 us
served 1947000 cold layer calls, mean 149.0 us
served 1947500 cold layer calls, mean 149.0 us
served 1948000 cold layer calls, mean 149.0 us
served 1948500 cold layer calls, mean 149.0 us
served 1949000 cold layer calls, mean 149.0 us
served 1949500 cold layer calls, mean 149.0 us
served 1950000 cold layer calls, mean 148.9 us
served 1950500 cold layer calls, mean 148.9 us
served 1951000 cold layer calls, mean 148.9 us
served 1951500 cold layer calls, mean 148.9 us
served 1952000 cold layer calls, mean 148.9 us
served 1952500 cold layer calls, mean 148.9 us
served 1953000 cold layer calls, mean 148.9 us
served 1953500 cold layer calls, mean 148.9 us
served 1954000 cold layer calls, mean 148.9 us
served 1954500 cold layer calls, mean 148.9 us
served 1955000 cold layer calls, mean 148.8 us
served 1955500 cold layer calls, mean 148.8 us
served 1956000 cold layer calls, mean 148.8 us
served 1956500 cold layer calls, mean 148.8 us
served 1957000 cold layer calls, mean 148.8 us
served 1957500 cold layer calls, mean 148.8 us
served 1958000 cold layer calls, mean 148.8 us
served 1958500 cold layer calls, mean 148.8 us
served 1959000 cold layer calls, mean 148.8 us
served 1959500 cold layer calls, mean 148.8 us
served 1960000 cold layer calls, mean 148.8 us
served 1960500 cold layer calls, mean 148.8 us
served 1961000 cold layer calls, mean 148.8 us
served 1961500 cold layer calls, mean 148.8 us
served 1962000 cold layer calls, mean 148.8 us
served 1962500 cold layer calls, mean 148.8 us
served 1963000 cold layer calls, mean 148.8 us
served 1963500 cold layer calls, mean 148.8 us
served 1964000 cold layer calls, mean 148.8 us
served 1964500 cold layer calls, mean 148.8 us
served 1965000 cold layer calls, mean 148.8 us
served 1965500 cold layer calls, mean 148.9 us
served 1966000 cold layer calls, mean 148.9 us
served 1966500 cold layer calls, mean 148.9 us
served 1967000 cold layer calls, mean 148.9 us
served 1967500 cold layer calls, mean 148.9 us
served 1968000 cold layer calls, mean 148.9 us
served 1968500 cold layer calls, mean 148.9 us
served 1969000 cold layer calls, mean 148.9 us
served 1969500 cold layer calls, mean 148.9 us
served 1970000 cold layer calls, mean 148.9 us
served 1970500 cold layer calls, mean 148.9 us
served 1971000 cold layer calls, mean 148.9 us
served 1971500 cold layer calls, mean 148.9 us
served 1972000 cold layer calls, mean 148.9 us
served 1972500 cold layer calls, mean 148.9 us
served 1973000 cold layer calls, mean 148.9 us
served 1973500 cold layer calls, mean 148.9 us
served 1974000 cold layer calls, mean 148.9 us
served 1974500 cold layer calls, mean 149.0 us
served 1975000 cold layer calls, mean 149.0 us
served 1975500 cold layer calls, mean 149.0 us
served 1976000 cold layer calls, mean 149.0 us
served 1976500 cold layer calls, mean 149.0 us
served 1977000 cold layer calls, mean 149.0 us
served 1977500 cold layer calls, mean 149.0 us
served 1978000 cold layer calls, mean 149.0 us
served 1978500 cold layer calls, mean 149.0 us
served 1979000 cold layer calls, mean 149.0 us
served 1979500 cold layer calls, mean 149.1 us
served 1980000 cold layer calls, mean 149.1 us
served 1980500 cold layer calls, mean 149.1 us
served 1981000 cold layer calls, mean 149.1 us
served 1981500 cold layer calls, mean 149.1 us
served 1982000 cold layer calls, mean 149.1 us
served 1982500 cold layer calls, mean 149.1 us
served 1983000 cold layer calls, mean 149.1 us
served 1983500 cold layer calls, mean 149.1 us
served 1984000 cold layer calls, mean 149.1 us
served 1984500 cold layer calls, mean 149.1 us
served 1985000 cold layer calls, mean 149.1 us
served 1985500 cold layer calls, mean 149.1 us
served 1986000 cold layer calls, mean 149.1 us
served 1986500 cold layer calls, mean 149.1 us
served 1987000 cold layer calls, mean 149.1 us
served 1987500 cold layer calls, mean 149.2 us
served 1988000 cold layer calls, mean 149.2 us
served 1988500 cold layer calls, mean 149.2 us
served 1989000 cold layer calls, mean 149.2 us
served 1989500 cold layer calls, mean 149.2 us
served 1990000 cold layer calls, mean 149.2 us
served 1990500 cold layer calls, mean 149.2 us
served 1991000 cold layer calls, mean 149.2 us
served 1991500 cold layer calls, mean 149.2 us
served 1992000 cold layer calls, mean 149.2 us
served 1992500 cold layer calls, mean 149.2 us
served 1993000 cold layer calls, mean 149.2 us
served 1993500 cold layer calls, mean 149.2 us
served 1994000 cold layer calls, mean 149.2 us
served 1994500 cold layer calls, mean 149.2 us
served 1995000 cold layer calls, mean 149.2 us
served 1995500 cold layer calls, mean 149.2 us
served 1996000 cold layer calls, mean 149.2 us
served 1996500 cold layer calls, mean 149.2 us
served 1997000 cold layer calls, mean 149.2 us
served 1997500 cold layer calls, mean 149.2 us
served 1998000 cold layer calls, mean 149.2 us
served 1998500 cold layer calls, mean 149.2 us
served 1999000 cold layer calls, mean 149.2 us
served 1999500 cold layer calls, mean 149.2 us
served 2000000 cold layer calls, mean 149.2 us
served 2000500 cold layer calls, mean 149.2 us
served 2001000 cold layer calls, mean 149.2 us
served 2001500 cold layer calls, mean 149.2 us
served 2002000 cold layer calls, mean 149.3 us
served 2002500 cold layer calls, mean 149.3 us
served 2003000 cold layer calls, mean 149.3 us
served 2003500 cold layer calls, mean 149.3 us
served 2004000 cold layer calls, mean 149.3 us
served 2004500 cold layer calls, mean 149.3 us
served 2005000 cold layer calls, mean 149.3 us
served 2005500 cold layer calls, mean 149.3 us
served 2006000 cold layer calls, mean 149.3 us
served 2006500 cold layer calls, mean 149.3 us
served 2007000 cold layer calls, mean 149.3 us
served 2007500 cold layer calls, mean 149.3 us
served 2008000 cold layer calls, mean 149.3 us
served 2008500 cold layer calls, mean 149.3 us
served 2009000 cold layer calls, mean 149.3 us
served 2009500 cold layer calls, mean 149.3 us
served 2010000 cold layer calls, mean 149.3 us
served 2010500 cold layer calls, mean 149.3 us
served 2011000 cold layer calls, mean 149.4 us
served 2011500 cold layer calls, mean 149.4 us
served 2012000 cold layer calls, mean 149.4 us
served 2012500 cold layer calls, mean 149.4 us
served 2013000 cold layer calls, mean 149.4 us
served 2013500 cold layer calls, mean 149.4 us
served 2014000 cold layer calls, mean 149.4 us
served 2014500 cold layer calls, mean 149.4 us
served 2015000 cold layer calls, mean 149.4 us
served 2015500 cold layer calls, mean 149.4 us
served 2016000 cold layer calls, mean 149.4 us
served 2016500 cold layer calls, mean 149.4 us
served 2017000 cold layer calls, mean 149.4 us
served 2017500 cold layer calls, mean 149.4 us
served 2018000 cold layer calls, mean 149.4 us
served 2018500 cold layer calls, mean 149.4 us
served 2019000 cold layer calls, mean 149.5 us
served 2019500 cold layer calls, mean 149.5 us
served 2020000 cold layer calls, mean 149.5 us
served 2020500 cold layer calls, mean 149.5 us
served 2021000 cold layer calls, mean 149.5 us
served 2021500 cold layer calls, mean 149.5 us
served 2022000 cold layer calls, mean 149.5 us
served 2022500 cold layer calls, mean 149.5 us
served 2023000 cold layer calls, mean 149.6 us
served 2023500 cold layer calls, mean 149.6 us
served 2024000 cold layer calls, mean 149.6 us
served 2024500 cold layer calls, mean 149.6 us
served 2025000 cold layer calls, mean 149.6 us
served 2025500 cold layer calls, mean 149.6 us
served 2026000 cold layer calls, mean 149.6 us
served 2026500 cold layer calls, mean 149.6 us
served 2027000 cold layer calls, mean 149.6 us
served 2027500 cold layer calls, mean 149.6 us
served 2028000 cold layer calls, mean 149.6 us
served 2028500 cold layer calls, mean 149.6 us
served 2029000 cold layer calls, mean 149.6 us
served 2029500 cold layer calls, mean 149.6 us
served 2030000 cold layer calls, mean 149.6 us
served 2030500 cold layer calls, mean 149.6 us
served 2031000 cold layer calls, mean 149.6 us
served 2031500 cold layer calls, mean 149.6 us
served 2032000 cold layer calls, mean 149.6 us
served 2032500 cold layer calls, mean 149.6 us
served 2033000 cold layer calls, mean 149.6 us
served 2033500 cold layer calls, mean 149.6 us
served 2034000 cold layer calls, mean 149.6 us
served 2034500 cold layer calls, mean 149.6 us
served 2035000 cold layer calls, mean 149.6 us
served 2035500 cold layer calls, mean 149.6 us
served 2036000 cold layer calls, mean 149.6 us
served 2036500 cold layer calls, mean 149.6 us
served 2037000 cold layer calls, mean 149.6 us
served 2037500 cold layer calls, mean 149.6 us
served 2038000 cold layer calls, mean 149.6 us
served 2038500 cold layer calls, mean 149.6 us
served 2039000 cold layer calls, mean 149.5 us
served 2039500 cold layer calls, mean 149.5 us
served 2040000 cold layer calls, mean 149.5 us
served 2040500 cold layer calls, mean 149.5 us
served 2041000 cold layer calls, mean 149.5 us
served 2041500 cold layer calls, mean 149.5 us
served 2042000 cold layer calls, mean 149.5 us
served 2042500 cold layer calls, mean 149.5 us
served 2043000 cold layer calls, mean 149.5 us
served 2043500 cold layer calls, mean 149.5 us
served 2044000 cold layer calls, mean 149.5 us
served 2044500 cold layer calls, mean 149.5 us
served 2045000 cold layer calls, mean 149.5 us
served 2045500 cold layer calls, mean 149.5 us
served 2046000 cold layer calls, mean 149.5 us
served 2046500 cold layer calls, mean 149.5 us
served 2047000 cold layer calls, mean 149.5 us
served 2047500 cold layer calls, mean 149.5 us
served 2048000 cold layer calls, mean 149.5 us
served 2048500 cold layer calls, mean 149.5 us
served 2049000 cold layer calls, mean 149.5 us
served 2049500 cold layer calls, mean 149.5 us
served 2050000 cold layer calls, mean 149.5 us
served 2050500 cold layer calls, mean 149.5 us
served 2051000 cold layer calls, mean 149.5 us
served 2051500 cold layer calls, mean 149.5 us
served 2052000 cold layer calls, mean 149.5 us
served 2052500 cold layer calls, mean 149.4 us
served 2053000 cold layer calls, mean 149.4 us
served 2053500 cold layer calls, mean 149.4 us
served 2054000 cold layer calls, mean 149.4 us
served 2054500 cold layer calls, mean 149.4 us
served 2055000 cold layer calls, mean 149.4 us
served 2055500 cold layer calls, mean 149.4 us
served 2056000 cold layer calls, mean 149.4 us
served 2056500 cold layer calls, mean 149.4 us
served 2057000 cold layer calls, mean 149.4 us
served 2057500 cold layer calls, mean 149.4 us
served 2058000 cold layer calls, mean 149.4 us
served 2058500 cold layer calls, mean 149.4 us
served 2059000 cold layer calls, mean 149.4 us
served 2059500 cold layer calls, mean 149.4 us
served 2060000 cold layer calls, mean 149.4 us
served 2060500 cold layer calls, mean 149.4 us
served 2061000 cold layer calls, mean 149.4 us
served 2061500 cold layer calls, mean 149.4 us
served 2062000 cold layer calls, mean 149.4 us
served 2062500 cold layer calls, mean 149.4 us
served 2063000 cold layer calls, mean 149.4 us
served 2063500 cold layer calls, mean 149.4 us
served 2064000 cold layer calls, mean 149.4 us
served 2064500 cold layer calls, mean 149.4 us
served 2065000 cold layer calls, mean 149.4 us
served 2065500 cold layer calls, mean 149.4 us
served 2066000 cold layer calls, mean 149.4 us
served 2066500 cold layer calls, mean 149.4 us
served 2067000 cold layer calls, mean 149.4 us
served 2067500 cold layer calls, mean 149.4 us
served 2068000 cold layer calls, mean 149.4 us
served 2068500 cold layer calls, mean 149.4 us
served 2069000 cold layer calls, mean 149.4 us
served 2069500 cold layer calls, mean 149.4 us
served 2070000 cold layer calls, mean 149.4 us
served 2070500 cold layer calls, mean 149.4 us
served 2071000 cold layer calls, mean 149.4 us
served 2071500 cold layer calls, mean 149.4 us
served 2072000 cold layer calls, mean 149.4 us
served 2072500 cold layer calls, mean 149.4 us
served 2073000 cold layer calls, mean 149.4 us
served 2073500 cold layer calls, mean 149.3 us
served 2074000 cold layer calls, mean 149.3 us
served 2074500 cold layer calls, mean 149.3 us
served 2075000 cold layer calls, mean 149.3 us
served 2075500 cold layer calls, mean 149.3 us
served 2076000 cold layer calls, mean 149.3 us
served 2076500 cold layer calls, mean 149.3 us
served 2077000 cold layer calls, mean 149.3 us
served 2077500 cold layer calls, mean 149.3 us
served 2078000 cold layer calls, mean 149.3 us
served 2078500 cold layer calls, mean 149.3 us
served 2079000 cold layer calls, mean 149.3 us
served 2079500 cold layer calls, mean 149.3 us
served 2080000 cold layer calls, mean 149.3 us
served 2080500 cold layer calls, mean 149.3 us
served 2081000 cold layer calls, mean 149.3 us
served 2081500 cold layer calls, mean 149.3 us
served 2082000 cold layer calls, mean 149.3 us
served 2082500 cold layer calls, mean 149.3 us
served 2083000 cold layer calls, mean 149.3 us
served 2083500 cold layer calls, mean 149.3 us
served 2084000 cold layer calls, mean 149.3 us
served 2084500 cold layer calls, mean 149.3 us
served 2085000 cold layer calls, mean 149.3 us
served 2085500 cold layer calls, mean 149.3 us
served 2086000 cold layer calls, mean 149.3 us
served 2086500 cold layer calls, mean 149.3 us
served 2087000 cold layer calls, mean 149.3 us
served 2087500 cold layer calls, mean 149.3 us
served 2088000 cold layer calls, mean 149.3 us
served 2088500 cold layer calls, mean 149.3 us
served 2089000 cold layer calls, mean 149.3 us
served 2089500 cold layer calls, mean 149.3 us
served 2090000 cold layer calls, mean 149.3 us
served 2090500 cold layer calls, mean 149.3 us
served 2091000 cold layer calls, mean 149.3 us
served 2091500 cold layer calls, mean 149.3 us
served 2092000 cold layer calls, mean 149.3 us
served 2092500 cold layer calls, mean 149.3 us
served 2093000 cold layer calls, mean 149.3 us
served 2093500 cold layer calls, mean 149.3 us
served 2094000 cold layer calls, mean 149.3 us
served 2094500 cold layer calls, mean 149.3 us
served 2095000 cold layer calls, mean 149.3 us
served 2095500 cold layer calls, mean 149.3 us
served 2096000 cold layer calls, mean 149.3 us
served 2096500 cold layer calls, mean 149.3 us
served 2097000 cold layer calls, mean 149.3 us
served 2097500 cold layer calls, mean 149.3 us
served 2098000 cold layer calls, mean 149.3 us
served 2098500 cold layer calls, mean 149.3 us
served 2099000 cold layer calls, mean 149.3 us
served 2099500 cold layer calls, mean 149.3 us
served 2100000 cold layer calls, mean 149.3 us
served 2100500 cold layer calls, mean 149.3 us
served 2101000 cold layer calls, mean 149.3 us
served 2101500 cold layer calls, mean 149.3 us
served 2102000 cold layer calls, mean 149.3 us
served 2102500 cold layer calls, mean 149.3 us
served 2103000 cold layer calls, mean 149.3 us
served 2103500 cold layer calls, mean 149.3 us
served 2104000 cold layer calls, mean 149.3 us
served 2104500 cold layer calls, mean 149.3 us
served 2105000 cold layer calls, mean 149.3 us
served 2105500 cold layer calls, mean 149.3 us
served 2106000 cold layer calls, mean 149.3 us
served 2106500 cold layer calls, mean 149.4 us
served 2107000 cold layer calls, mean 149.4 us
served 2107500 cold layer calls, mean 149.4 us
served 2108000 cold layer calls, mean 149.4 us
served 2108500 cold layer calls, mean 149.4 us
served 2109000 cold layer calls, mean 149.4 us
served 2109500 cold layer calls, mean 149.5 us
served 2110000 cold layer calls, mean 149.5 us
served 2110500 cold layer calls, mean 149.5 us
served 2111000 cold layer calls, mean 149.5 us
served 2111500 cold layer calls, mean 149.5 us
served 2112000 cold layer calls, mean 149.5 us
served 2112500 cold layer calls, mean 149.5 us
served 2113000 cold layer calls, mean 149.5 us
served 2113500 cold layer calls, mean 149.6 us
served 2114000 cold layer calls, mean 149.6 us
served 2114500 cold layer calls, mean 149.6 us
served 2115000 cold layer calls, mean 149.6 us
served 2115500 cold layer calls, mean 149.6 us
served 2116000 cold layer calls, mean 149.7 us
served 2116500 cold layer calls, mean 149.7 us
served 2117000 cold layer calls, mean 149.7 us
served 2117500 cold layer calls, mean 149.7 us
served 2118000 cold layer calls, mean 149.7 us
served 2118500 cold layer calls, mean 149.7 us
served 2119000 cold layer calls, mean 149.7 us
served 2119500 cold layer calls, mean 149.7 us
served 2120000 cold layer calls, mean 149.7 us
served 2120500 cold layer calls, mean 149.8 us
served 2121000 cold layer calls, mean 149.8 us
served 2121500 cold layer calls, mean 149.8 us
served 2122000 cold layer calls, mean 149.8 us
served 2122500 cold layer calls, mean 149.8 us
served 2123000 cold layer calls, mean 149.8 us
served 2123500 cold layer calls, mean 149.8 us
served 2124000 cold layer calls, mean 149.9 us
served 2124500 cold layer calls, mean 149.9 us
served 2125000 cold layer calls, mean 149.9 us
served 2125500 cold layer calls, mean 149.9 us
served 2126000 cold layer calls, mean 149.9 us
served 2126500 cold layer calls, mean 149.9 us
served 2127000 cold layer calls, mean 149.9 us
served 2127500 cold layer calls, mean 150.0 us
served 2128000 cold layer calls, mean 150.0 us
served 2128500 cold layer calls, mean 150.0 us
served 2129000 cold layer calls, mean 150.0 us
served 2129500 cold layer calls, mean 150.0 us
served 2130000 cold layer calls, mean 150.1 us
served 2130500 cold layer calls, mean 150.1 us
served 2131000 cold layer calls, mean 150.1 us
served 2131500 cold layer calls, mean 150.1 us
served 2132000 cold layer calls, mean 150.1 us
served 2132500 cold layer calls, mean 150.2 us
served 2133000 cold layer calls, mean 150.2 us
served 2133500 cold layer calls, mean 150.2 us
served 2134000 cold layer calls, mean 150.2 us
served 2134500 cold layer calls, mean 150.2 us
served 2135000 cold layer calls, mean 150.2 us
served 2135500 cold layer calls, mean 150.3 us
served 2136000 cold layer calls, mean 150.3 us
served 2136500 cold layer calls, mean 150.3 us
served 2137000 cold layer calls, mean 150.3 us
served 2137500 cold layer calls, mean 150.4 us
served 2138000 cold layer calls, mean 150.4 us
served 2138500 cold layer calls, mean 150.4 us
served 2139000 cold layer calls, mean 150.4 us
served 2139500 cold layer calls, mean 150.4 us
served 2140000 cold layer calls, mean 150.5 us
served 2140500 cold layer calls, mean 150.5 us
served 2141000 cold layer calls, mean 150.5 us
served 2141500 cold layer calls, mean 150.5 us
served 2142000 cold layer calls, mean 150.5 us
served 2142500 cold layer calls, mean 150.6 us
served 2143000 cold layer calls, mean 150.6 us
served 2143500 cold layer calls, mean 150.6 us
served 2144000 cold layer calls, mean 150.6 us
served 2144500 cold layer calls, mean 150.6 us
served 2145000 cold layer calls, mean 150.7 us
served 2145500 cold layer calls, mean 150.7 us
served 2146000 cold layer calls, mean 150.7 us
served 2146500 cold layer calls, mean 150.7 us
served 2147000 cold layer calls, mean 150.7 us
served 2147500 cold layer calls, mean 150.8 us
served 2148000 cold layer calls, mean 150.8 us
served 2148500 cold layer calls, mean 150.8 us
served 2149000 cold layer calls, mean 150.8 us
served 2149500 cold layer calls, mean 150.9 us
served 2150000 cold layer calls, mean 150.9 us
served 2150500 cold layer calls, mean 150.9 us
served 2151000 cold layer calls, mean 150.9 us
served 2151500 cold layer calls, mean 150.9 us
served 2152000 cold layer calls, mean 151.0 us
served 2152500 cold layer calls, mean 151.0 us
served 2153000 cold layer calls, mean 151.0 us
served 2153500 cold layer calls, mean 151.0 us
served 2154000 cold layer calls, mean 151.0 us
served 2154500 cold layer calls, mean 151.0 us
served 2155000 cold layer calls, mean 151.0 us
served 2155500 cold layer calls, mean 151.0 us
served 2156000 cold layer calls, mean 151.1 us
served 2156500 cold layer calls, mean 151.1 us
served 2157000 cold layer calls, mean 151.1 us
served 2157500 cold layer calls, mean 151.1 us
served 2158000 cold layer calls, mean 151.1 us
served 2158500 cold layer calls, mean 151.1 us
served 2159000 cold layer calls, mean 151.2 us
served 2159500 cold layer calls, mean 151.2 us
served 2160000 cold layer calls, mean 151.2 us
served 2160500 cold layer calls, mean 151.2 us
served 2161000 cold layer calls, mean 151.2 us
served 2161500 cold layer calls, mean 151.2 us
served 2162000 cold layer calls, mean 151.3 us
served 2162500 cold layer calls, mean 151.3 us
served 2163000 cold layer calls, mean 151.3 us
served 2163500 cold layer calls, mean 151.3 us
served 2164000 cold layer calls, mean 151.3 us
served 2164500 cold layer calls, mean 151.3 us
served 2165000 cold layer calls, mean 151.3 us
served 2165500 cold layer calls, mean 151.4 us
served 2166000 cold layer calls, mean 151.4 us
served 2166500 cold layer calls, mean 151.4 us
served 2167000 cold layer calls, mean 151.4 us
served 2167500 cold layer calls, mean 151.4 us
served 2168000 cold layer calls, mean 151.4 us
served 2168500 cold layer calls, mean 151.4 us
served 2169000 cold layer calls, mean 151.4 us
served 2169500 cold layer calls, mean 151.4 us
served 2170000 cold layer calls, mean 151.4 us
served 2170500 cold layer calls, mean 151.4 us
served 2171000 cold layer calls, mean 151.4 us
served 2171500 cold layer calls, mean 151.4 us
served 2172000 cold layer calls, mean 151.4 us
served 2172500 cold layer calls, mean 151.4 us
served 2173000 cold layer calls, mean 151.3 us
served 2173500 cold layer calls, mean 151.3 us
served 2174000 cold layer calls, mean 151.3 us
served 2174500 cold layer calls, mean 151.3 us
served 2175000 cold layer calls, mean 151.3 us
served 2175500 cold layer calls, mean 151.3 us
served 2176000 cold layer calls, mean 151.3 us
served 2176500 cold layer calls, mean 151.3 us
served 2177000 cold layer calls, mean 151.3 us
served 2177500 cold layer calls, mean 151.3 us
served 2178000 cold layer calls, mean 151.3 us
served 2178500 cold layer calls, mean 151.3 us
served 2179000 cold layer calls, mean 151.3 us
served 2179500 cold layer calls, mean 151.3 us
served 2180000 cold layer calls, mean 151.2 us
served 2180500 cold layer calls, mean 151.2 us
served 2181000 cold layer calls, mean 151.2 us
served 2181500 cold layer calls, mean 151.2 us
served 2182000 cold layer calls, mean 151.2 us
served 2182500 cold layer calls, mean 151.2 us
served 2183000 cold layer calls, mean 151.2 us
served 2183500 cold layer calls, mean 151.2 us
served 2184000 cold layer calls, mean 151.2 us
served 2184500 cold layer calls, mean 151.2 us
served 2185000 cold layer calls, mean 151.2 us
served 2185500 cold layer calls, mean 151.2 us
served 2186000 cold layer calls, mean 151.2 us
served 2186500 cold layer calls, mean 151.1 us
served 2187000 cold layer calls, mean 151.1 us
served 2187500 cold layer calls, mean 151.1 us
served 2188000 cold layer calls, mean 151.1 us
served 2188500 cold layer calls, mean 151.1 us
served 2189000 cold layer calls, mean 151.1 us
served 2189500 cold layer calls, mean 151.1 us
served 2190000 cold layer calls, mean 151.1 us
served 2190500 cold layer calls, mean 151.1 us
served 2191000 cold layer calls, mean 151.1 us
