layer 0: 79 cold experts
layer 1: 79 cold experts
layer 2: 79 cold experts
layer 3: 79 cold experts
layer 4: 79 cold experts
layer 5: 79 cold experts
layer 6: 79 cold experts
layer 7: 79 cold experts
layer 8: 79 cold experts
layer 9: 79 cold experts
layer 10: 79 cold experts
layer 11: 79 cold experts
layer 12: 79 cold experts
layer 13: 79 cold experts
layer 14: 79 cold experts
layer 15: 79 cold experts
layer 16: 79 cold experts
layer 17: 79 cold experts
layer 18: 79 cold experts
layer 19: 79 cold experts
layer 20: 79 cold experts
layer 21: 79 cold experts
layer 22: 79 cold experts
layer 23: 79 cold experts
layer 24: 79 cold experts
layer 25: 79 cold experts
layer 26: 79 cold experts
layer 27: 79 cold experts
layer 28: 79 cold experts
layer 29: 79 cold experts
layer 30: 79 cold experts
layer 31: 79 cold experts
layer 32: 79 cold experts
layer 33: 79 cold experts
layer 34: 79 cold experts
layer 35: 79 cold experts
layer 36: 79 cold experts
layer 37: 79 cold experts
layer 38: 79 cold experts
layer 39: 79 cold experts
loaded 59.4 GB of cold experts in 17s
serving
served 500 cold layer calls, mean 792.6 us
served 1000 cold layer calls, mean 881.0 us
served 1500 cold layer calls, mean 726.6 us
served 2000 cold layer calls, mean 620.8 us
served 2500 cold layer calls, mean 512.7 us
served 3000 cold layer calls, mean 439.9 us
served 3500 cold layer calls, mean 387.8 us
served 4000 cold layer calls, mean 349.4 us
served 4500 cold layer calls, mean 319.7 us
served 5000 cold layer calls, mean 299.3 us
served 5500 cold layer calls, mean 281.4 us
served 6000 cold layer calls, mean 265.9 us
served 6500 cold layer calls, mean 251.9 us
served 7000 cold layer calls, mean 239.7 us
served 7500 cold layer calls, mean 229.1 us
served 8000 cold layer calls, mean 219.6 us
served 8500 cold layer calls, mean 212.1 us
served 9000 cold layer calls, mean 206.0 us
served 9500 cold layer calls, mean 200.5 us
served 10000 cold layer calls, mean 195.3 us
served 10500 cold layer calls, mean 190.7 us
served 11000 cold layer calls, mean 186.0 us
served 11500 cold layer calls, mean 181.3 us
served 12000 cold layer calls, mean 177.0 us
served 12500 cold layer calls, mean 172.8 us
served 13000 cold layer calls, mean 169.1 us
served 13500 cold layer calls, mean 165.6 us
served 14000 cold layer calls, mean 163.1 us
served 14500 cold layer calls, mean 160.7 us
served 15000 cold layer calls, mean 159.1 us
served 15500 cold layer calls, mean 157.5 us
served 16000 cold layer calls, mean 156.4 us
served 16500 cold layer calls, mean 155.0 us
served 17000 cold layer calls, mean 153.4 us
served 17500 cold layer calls, mean 151.7 us
served 18000 cold layer calls, mean 150.3 us
served 18500 cold layer calls, mean 149.1 us
served 19000 cold layer calls, mean 147.5 us
served 19500 cold layer calls, mean 145.9 us
served 20000 cold layer calls, mean 144.3 us
served 20500 cold layer calls, mean 142.7 us
served 21000 cold layer calls, mean 141.0 us
served 21500 cold layer calls, mean 139.6 us
served 22000 cold layer calls, mean 138.3 us
served 22500 cold layer calls, mean 137.4 us
served 23000 cold layer calls, mean 136.4 us
served 23500 cold layer calls, mean 135.5 us
served 24000 cold layer calls, mean 134.8 us
served 24500 cold layer calls, mean 134.1 us
served 25000 cold layer calls, mean 133.6 us
served 25500 cold layer calls, mean 133.3 us
served 26000 cold layer calls, mean 132.8 us
served 26500 cold layer calls, mean 132.7 us
served 27000 cold layer calls, mean 132.4 us
served 27500 cold layer calls, mean 132.0 us
served 28000 cold layer calls, mean 131.5 us
served 28500 cold layer calls, mean 131.0 us
served 29000 cold layer calls, mean 130.4 us
served 29500 cold layer calls, mean 129.9 us
served 30000 cold layer calls, mean 129.4 us
served 30500 cold layer calls, mean 129.0 us
served 31000 cold layer calls, mean 128.5 us
served 31500 cold layer calls, mean 127.7 us
served 32000 cold layer calls, mean 126.9 us
served 32500 cold layer calls, mean 126.1 us
served 33000 cold layer calls, mean 125.5 us
served 33500 cold layer calls, mean 125.2 us
served 34000 cold layer calls, mean 124.8 us
served 34500 cold layer calls, mean 124.2 us
served 35000 cold layer calls, mean 123.7 us
served 35500 cold layer calls, mean 123.2 us
served 36000 cold layer calls, mean 122.6 us
served 36500 cold layer calls, mean 122.1 us
served 37000 cold layer calls, mean 121.7 us
served 37500 cold layer calls, mean 121.4 us
served 38000 cold layer calls, mean 121.1 us
served 38500 cold layer calls, mean 121.1 us
served 39000 cold layer calls, mean 120.8 us
served 39500 cold layer calls, mean 120.7 us
served 40000 cold layer calls, mean 120.3 us
served 40500 cold layer calls, mean 119.9 us
served 41000 cold layer calls, mean 119.4 us
served 41500 cold layer calls, mean 118.9 us
served 42000 cold layer calls, mean 118.4 us
served 42500 cold layer calls, mean 118.0 us
served 43000 cold layer calls, mean 117.7 us
served 43500 cold layer calls, mean 117.4 us
served 44000 cold layer calls, mean 117.1 us
served 44500 cold layer calls, mean 116.9 us
served 45000 cold layer calls, mean 116.7 us
served 45500 cold layer calls, mean 116.7 us
served 46000 cold layer calls, mean 116.5 us
served 46500 cold layer calls, mean 116.6 us
served 47000 cold layer calls, mean 116.5 us
served 47500 cold layer calls, mean 116.5 us
served 48000 cold layer calls, mean 116.3 us
served 48500 cold layer calls, mean 116.3 us
served 49000 cold layer calls, mean 116.0 us
served 49500 cold layer calls, mean 116.0 us
served 50000 cold layer calls, mean 115.8 us
served 50500 cold layer calls, mean 116.0 us
served 51000 cold layer calls, mean 116.1 us
served 51500 cold layer calls, mean 116.0 us
served 52000 cold layer calls, mean 115.7 us
served 52500 cold layer calls, mean 115.3 us
served 53000 cold layer calls, mean 115.0 us
served 53500 cold layer calls, mean 114.6 us
served 54000 cold layer calls, mean 114.3 us
served 54500 cold layer calls, mean 114.0 us
served 55000 cold layer calls, mean 113.8 us
served 55500 cold layer calls, mean 113.6 us
served 56000 cold layer calls, mean 113.5 us
served 56500 cold layer calls, mean 113.4 us
served 57000 cold layer calls, mean 113.3 us
served 57500 cold layer calls, mean 113.4 us
served 58000 cold layer calls, mean 113.5 us
served 58500 cold layer calls, mean 113.5 us
served 59000 cold layer calls, mean 113.5 us
served 59500 cold layer calls, mean 113.4 us
served 60000 cold layer calls, mean 113.3 us
served 60500 cold layer calls, mean 113.2 us
served 61000 cold layer calls, mean 113.0 us
served 61500 cold layer calls, mean 113.0 us
served 62000 cold layer calls, mean 112.7 us
served 62500 cold layer calls, mean 112.4 us
served 63000 cold layer calls, mean 112.1 us
served 63500 cold layer calls, mean 111.9 us
served 64000 cold layer calls, mean 111.8 us
served 64500 cold layer calls, mean 111.6 us
served 65000 cold layer calls, mean 111.3 us
served 65500 cold layer calls, mean 111.1 us
served 66000 cold layer calls, mean 110.9 us
served 66500 cold layer calls, mean 110.8 us
served 67000 cold layer calls, mean 110.7 us
served 67500 cold layer calls, mean 110.6 us
served 68000 cold layer calls, mean 110.4 us
served 68500 cold layer calls, mean 110.3 us
served 69000 cold layer calls, mean 110.2 us
served 69500 cold layer calls, mean 110.1 us
served 70000 cold layer calls, mean 110.1 us
served 70500 cold layer calls, mean 110.0 us
served 71000 cold layer calls, mean 110.0 us
served 71500 cold layer calls, mean 110.1 us
served 72000 cold layer calls, mean 110.0 us
served 72500 cold layer calls, mean 109.8 us
served 73000 cold layer calls, mean 109.5 us
served 73500 cold layer calls, mean 109.3 us
served 74000 cold layer calls, mean 109.2 us
served 74500 cold layer calls, mean 109.2 us
served 75000 cold layer calls, mean 109.2 us
served 75500 cold layer calls, mean 109.0 us
served 76000 cold layer calls, mean 108.8 us
served 76500 cold layer calls, mean 108.6 us
served 77000 cold layer calls, mean 108.4 us
served 77500 cold layer calls, mean 108.2 us
served 78000 cold layer calls, mean 108.1 us
served 78500 cold layer calls, mean 107.8 us
served 79000 cold layer calls, mean 107.7 us
served 79500 cold layer calls, mean 108.9 us
served 80000 cold layer calls, mean 109.7 us
served 80500 cold layer calls, mean 110.5 us
served 81000 cold layer calls, mean 110.7 us
served 81500 cold layer calls, mean 110.9 us
served 82000 cold layer calls, mean 111.1 us
served 82500 cold layer calls, mean 111.4 us
served 83000 cold layer calls, mean 111.8 us
served 83500 cold layer calls, mean 112.5 us
served 84000 cold layer calls, mean 113.0 us
served 84500 cold layer calls, mean 113.6 us
served 85000 cold layer calls, mean 114.1 us
served 85500 cold layer calls, mean 114.6 us
served 86000 cold layer calls, mean 115.1 us
served 86500 cold layer calls, mean 115.6 us
served 87000 cold layer calls, mean 116.1 us
served 87500 cold layer calls, mean 116.7 us
served 88000 cold layer calls, mean 117.3 us
served 88500 cold layer calls, mean 118.0 us
served 89000 cold layer calls, mean 118.9 us
served 89500 cold layer calls, mean 120.0 us
served 90000 cold layer calls, mean 120.9 us
served 90500 cold layer calls, mean 121.7 us
served 91000 cold layer calls, mean 122.7 us
served 91500 cold layer calls, mean 123.6 us
served 92000 cold layer calls, mean 124.4 us
served 92500 cold layer calls, mean 125.3 us
served 93000 cold layer calls, mean 126.3 us
served 93500 cold layer calls, mean 127.3 us
served 94000 cold layer calls, mean 128.2 us
served 94500 cold layer calls, mean 129.2 us
served 95000 cold layer calls, mean 130.4 us
served 95500 cold layer calls, mean 131.5 us
served 96000 cold layer calls, mean 132.4 us
served 96500 cold layer calls, mean 133.8 us
served 97000 cold layer calls, mean 134.7 us
served 97500 cold layer calls, mean 134.8 us
served 98000 cold layer calls, mean 135.0 us
served 98500 cold layer calls, mean 135.0 us
served 99000 cold layer calls, mean 135.0 us
served 99500 cold layer calls, mean 135.0 us
served 100000 cold layer calls, mean 135.1 us
served 100500 cold layer calls, mean 135.2 us
served 101000 cold layer calls, mean 135.2 us
served 101500 cold layer calls, mean 135.3 us
served 102000 cold layer calls, mean 135.6 us
served 102500 cold layer calls, mean 135.8 us
served 103000 cold layer calls, mean 136.2 us
served 103500 cold layer calls, mean 136.6 us
served 104000 cold layer calls, mean 137.0 us
served 104500 cold layer calls, mean 137.5 us
served 105000 cold layer calls, mean 138.1 us
served 105500 cold layer calls, mean 138.8 us
served 106000 cold layer calls, mean 139.7 us
served 106500 cold layer calls, mean 140.4 us
served 107000 cold layer calls, mean 141.1 us
served 107500 cold layer calls, mean 141.7 us
served 108000 cold layer calls, mean 142.2 us
served 108500 cold layer calls, mean 142.7 us
served 109000 cold layer calls, mean 143.3 us
served 109500 cold layer calls, mean 144.2 us
served 110000 cold layer calls, mean 144.8 us
served 110500 cold layer calls, mean 145.4 us
served 111000 cold layer calls, mean 146.0 us
served 111500 cold layer calls, mean 146.6 us
served 112000 cold layer calls, mean 147.2 us
served 112500 cold layer calls, mean 147.5 us
served 113000 cold layer calls, mean 148.0 us
served 113500 cold layer calls, mean 148.6 us
served 114000 cold layer calls, mean 149.0 us
served 114500 cold layer calls, mean 149.2 us
served 115000 cold layer calls, mean 149.4 us
served 115500 cold layer calls, mean 149.5 us
served 116000 cold layer calls, mean 149.4 us
served 116500 cold layer calls, mean 149.4 us
served 117000 cold layer calls, mean 149.3 us
served 117500 cold layer calls, mean 149.4 us
served 118000 cold layer calls, mean 149.4 us
served 118500 cold layer calls, mean 149.5 us
served 119000 cold layer calls, mean 149.6 us
served 119500 cold layer calls, mean 149.9 us
served 120000 cold layer calls, mean 150.3 us
served 120500 cold layer calls, mean 150.6 us
served 121000 cold layer calls, mean 150.9 us
served 121500 cold layer calls, mean 151.4 us
served 122000 cold layer calls, mean 151.7 us
served 122500 cold layer calls, mean 152.3 us
served 123000 cold layer calls, mean 152.6 us
served 123500 cold layer calls, mean 153.0 us
served 124000 cold layer calls, mean 153.5 us
served 124500 cold layer calls, mean 154.0 us
served 125000 cold layer calls, mean 154.6 us
served 125500 cold layer calls, mean 155.0 us
served 126000 cold layer calls, mean 155.5 us
served 126500 cold layer calls, mean 156.0 us
served 127000 cold layer calls, mean 156.5 us
served 127500 cold layer calls, mean 156.8 us
served 128000 cold layer calls, mean 157.3 us
served 128500 cold layer calls, mean 157.9 us
served 129000 cold layer calls, mean 158.4 us
served 129500 cold layer calls, mean 158.8 us
served 130000 cold layer calls, mean 159.2 us
served 130500 cold layer calls, mean 159.7 us
served 131000 cold layer calls, mean 160.2 us
served 131500 cold layer calls, mean 160.6 us
served 132000 cold layer calls, mean 160.8 us
served 132500 cold layer calls, mean 160.8 us
served 133000 cold layer calls, mean 160.8 us
served 133500 cold layer calls, mean 160.7 us
served 134000 cold layer calls, mean 160.6 us
served 134500 cold layer calls, mean 160.6 us
served 135000 cold layer calls, mean 160.6 us
served 135500 cold layer calls, mean 160.5 us
served 136000 cold layer calls, mean 160.6 us
served 136500 cold layer calls, mean 160.9 us
served 137000 cold layer calls, mean 161.1 us
served 137500 cold layer calls, mean 161.3 us
served 138000 cold layer calls, mean 161.5 us
served 138500 cold layer calls, mean 161.6 us
served 139000 cold layer calls, mean 161.8 us
served 139500 cold layer calls, mean 161.9 us
served 140000 cold layer calls, mean 162.1 us
served 140500 cold layer calls, mean 162.2 us
served 141000 cold layer calls, mean 162.5 us
served 141500 cold layer calls, mean 162.9 us
served 142000 cold layer calls, mean 163.1 us
served 142500 cold layer calls, mean 163.4 us
served 143000 cold layer calls, mean 163.9 us
served 143500 cold layer calls, mean 164.3 us
served 144000 cold layer calls, mean 164.6 us
served 144500 cold layer calls, mean 165.0 us
served 145000 cold layer calls, mean 165.4 us
served 145500 cold layer calls, mean 165.8 us
served 146000 cold layer calls, mean 166.2 us
served 146500 cold layer calls, mean 166.5 us
served 147000 cold layer calls, mean 167.1 us
served 147500 cold layer calls, mean 167.5 us
served 148000 cold layer calls, mean 167.9 us
served 148500 cold layer calls, mean 168.4 us
served 149000 cold layer calls, mean 168.7 us
served 149500 cold layer calls, mean 169.0 us
served 150000 cold layer calls, mean 169.0 us
served 150500 cold layer calls, mean 168.9 us
served 151000 cold layer calls, mean 168.9 us
served 151500 cold layer calls, mean 168.8 us
served 152000 cold layer calls, mean 168.7 us
served 152500 cold layer calls, mean 168.6 us
served 153000 cold layer calls, mean 168.5 us
served 153500 cold layer calls, mean 168.4 us
served 154000 cold layer calls, mean 168.4 us
served 154500 cold layer calls, mean 168.5 us
served 155000 cold layer calls, mean 168.5 us
served 155500 cold layer calls, mean 168.6 us
served 156000 cold layer calls, mean 168.6 us
served 156500 cold layer calls, mean 168.7 us
served 157000 cold layer calls, mean 168.8 us
served 157500 cold layer calls, mean 169.0 us
served 158000 cold layer calls, mean 169.3 us
served 158500 cold layer calls, mean 169.6 us
served 159000 cold layer calls, mean 170.0 us
served 159500 cold layer calls, mean 170.4 us
served 160000 cold layer calls, mean 170.7 us
served 160500 cold layer calls, mean 171.2 us
served 161000 cold layer calls, mean 171.6 us
served 161500 cold layer calls, mean 172.0 us
served 162000 cold layer calls, mean 172.4 us
served 162500 cold layer calls, mean 172.6 us
served 163000 cold layer calls, mean 172.8 us
served 163500 cold layer calls, mean 173.1 us
served 164000 cold layer calls, mean 173.4 us
served 164500 cold layer calls, mean 173.7 us
served 165000 cold layer calls, mean 174.0 us
served 165500 cold layer calls, mean 174.4 us
served 166000 cold layer calls, mean 174.7 us
served 166500 cold layer calls, mean 174.8 us
served 167000 cold layer calls, mean 174.8 us
served 167500 cold layer calls, mean 174.9 us
served 168000 cold layer calls, mean 174.9 us
served 168500 cold layer calls, mean 174.8 us
served 169000 cold layer calls, mean 174.7 us
served 169500 cold layer calls, mean 174.6 us
served 170000 cold layer calls, mean 174.6 us
served 170500 cold layer calls, mean 174.7 us
served 171000 cold layer calls, mean 174.9 us
served 171500 cold layer calls, mean 175.0 us
served 172000 cold layer calls, mean 175.2 us
served 172500 cold layer calls, mean 175.2 us
served 173000 cold layer calls, mean 175.4 us
served 173500 cold layer calls, mean 175.6 us
served 174000 cold layer calls, mean 175.7 us
served 174500 cold layer calls, mean 175.9 us
served 175000 cold layer calls, mean 176.0 us
served 175500 cold layer calls, mean 176.2 us
served 176000 cold layer calls, mean 176.4 us
served 176500 cold layer calls, mean 176.5 us
served 177000 cold layer calls, mean 176.6 us
served 177500 cold layer calls, mean 176.7 us
served 178000 cold layer calls, mean 176.8 us
served 178500 cold layer calls, mean 176.9 us
served 179000 cold layer calls, mean 177.0 us
served 179500 cold layer calls, mean 177.3 us
served 180000 cold layer calls, mean 177.5 us
served 180500 cold layer calls, mean 177.7 us
served 181000 cold layer calls, mean 177.8 us
served 181500 cold layer calls, mean 178.1 us
served 182000 cold layer calls, mean 178.3 us
served 182500 cold layer calls, mean 178.7 us
served 183000 cold layer calls, mean 179.0 us
served 183500 cold layer calls, mean 179.2 us
served 184000 cold layer calls, mean 179.3 us
served 184500 cold layer calls, mean 179.4 us
served 185000 cold layer calls, mean 179.3 us
served 185500 cold layer calls, mean 179.2 us
served 186000 cold layer calls, mean 179.0 us
served 186500 cold layer calls, mean 178.7 us
served 187000 cold layer calls, mean 178.5 us
served 187500 cold layer calls, mean 178.2 us
served 188000 cold layer calls, mean 177.9 us
served 188500 cold layer calls, mean 177.7 us
served 189000 cold layer calls, mean 177.4 us
served 189500 cold layer calls, mean 177.1 us
served 190000 cold layer calls, mean 176.9 us
served 190500 cold layer calls, mean 176.7 us
served 191000 cold layer calls, mean 176.5 us
served 191500 cold layer calls, mean 176.2 us
served 192000 cold layer calls, mean 176.0 us
served 192500 cold layer calls, mean 175.8 us
served 193000 cold layer calls, mean 175.7 us
served 193500 cold layer calls, mean 175.5 us
served 194000 cold layer calls, mean 175.3 us
served 194500 cold layer calls, mean 175.1 us
served 195000 cold layer calls, mean 175.0 us
served 195500 cold layer calls, mean 175.8 us
served 196000 cold layer calls, mean 176.4 us
served 196500 cold layer calls, mean 176.5 us
served 197000 cold layer calls, mean 176.6 us
served 197500 cold layer calls, mean 176.6 us
served 198000 cold layer calls, mean 176.7 us
served 198500 cold layer calls, mean 176.8 us
served 199000 cold layer calls, mean 176.9 us
served 199500 cold layer calls, mean 177.1 us
served 200000 cold layer calls, mean 177.3 us
served 200500 cold layer calls, mean 177.6 us
served 201000 cold layer calls, mean 177.9 us
served 201500 cold layer calls, mean 178.2 us
served 202000 cold layer calls, mean 178.6 us
served 202500 cold layer calls, mean 179.0 us
served 203000 cold layer calls, mean 179.3 us
served 203500 cold layer calls, mean 179.6 us
served 204000 cold layer calls, mean 180.0 us
served 204500 cold layer calls, mean 180.4 us
served 205000 cold layer calls, mean 180.8 us
served 205500 cold layer calls, mean 181.3 us
served 206000 cold layer calls, mean 181.8 us
served 206500 cold layer calls, mean 182.5 us
served 207000 cold layer calls, mean 183.2 us
served 207500 cold layer calls, mean 183.9 us
served 208000 cold layer calls, mean 184.6 us
served 208500 cold layer calls, mean 185.4 us
served 209000 cold layer calls, mean 186.1 us
served 209500 cold layer calls, mean 186.9 us
served 210000 cold layer calls, mean 187.8 us
served 210500 cold layer calls, mean 188.7 us
served 211000 cold layer calls, mean 189.6 us
served 211500 cold layer calls, mean 190.5 us
served 212000 cold layer calls, mean 191.3 us
served 212500 cold layer calls, mean 192.1 us
served 213000 cold layer calls, mean 192.4 us
served 213500 cold layer calls, mean 192.3 us
served 214000 cold layer calls, mean 192.3 us
served 214500 cold layer calls, mean 192.6 us
served 215000 cold layer calls, mean 192.6 us
served 215500 cold layer calls, mean 192.6 us
served 216000 cold layer calls, mean 192.7 us
served 216500 cold layer calls, mean 192.7 us
served 217000 cold layer calls, mean 192.8 us
served 217500 cold layer calls, mean 192.9 us
served 218000 cold layer calls, mean 193.0 us
served 218500 cold layer calls, mean 193.2 us
served 219000 cold layer calls, mean 193.5 us
served 219500 cold layer calls, mean 193.9 us
served 220000 cold layer calls, mean 194.3 us
served 220500 cold layer calls, mean 194.9 us
served 221000 cold layer calls, mean 195.4 us
served 221500 cold layer calls, mean 195.9 us
served 222000 cold layer calls, mean 196.4 us
served 222500 cold layer calls, mean 196.9 us
served 223000 cold layer calls, mean 197.1 us
served 223500 cold layer calls, mean 197.4 us
served 224000 cold layer calls, mean 197.7 us
served 224500 cold layer calls, mean 198.0 us
served 225000 cold layer calls, mean 198.4 us
served 225500 cold layer calls, mean 198.8 us
served 226000 cold layer calls, mean 199.2 us
served 226500 cold layer calls, mean 199.7 us
served 227000 cold layer calls, mean 200.3 us
served 227500 cold layer calls, mean 200.9 us
served 228000 cold layer calls, mean 201.6 us
served 228500 cold layer calls, mean 202.3 us
served 229000 cold layer calls, mean 203.0 us
served 229500 cold layer calls, mean 203.6 us
served 230000 cold layer calls, mean 204.3 us
served 230500 cold layer calls, mean 205.0 us
served 231000 cold layer calls, mean 205.8 us
served 231500 cold layer calls, mean 206.1 us
served 232000 cold layer calls, mean 206.2 us
served 232500 cold layer calls, mean 206.3 us
served 233000 cold layer calls, mean 206.3 us
served 233500 cold layer calls, mean 206.3 us
served 234000 cold layer calls, mean 206.3 us
served 234500 cold layer calls, mean 206.4 us
served 235000 cold layer calls, mean 206.5 us
served 235500 cold layer calls, mean 206.6 us
served 236000 cold layer calls, mean 206.9 us
served 236500 cold layer calls, mean 207.4 us
served 237000 cold layer calls, mean 207.8 us
served 237500 cold layer calls, mean 208.3 us
served 238000 cold layer calls, mean 208.6 us
served 238500 cold layer calls, mean 208.9 us
served 239000 cold layer calls, mean 209.3 us
served 239500 cold layer calls, mean 209.6 us
served 240000 cold layer calls, mean 209.8 us
served 240500 cold layer calls, mean 210.0 us
served 241000 cold layer calls, mean 210.4 us
served 241500 cold layer calls, mean 210.6 us
served 242000 cold layer calls, mean 211.0 us
served 242500 cold layer calls, mean 211.4 us
served 243000 cold layer calls, mean 211.9 us
served 243500 cold layer calls, mean 212.3 us
served 244000 cold layer calls, mean 212.9 us
served 244500 cold layer calls, mean 213.4 us
served 245000 cold layer calls, mean 213.8 us
served 245500 cold layer calls, mean 214.4 us
served 246000 cold layer calls, mean 214.9 us
served 246500 cold layer calls, mean 215.5 us
served 247000 cold layer calls, mean 216.3 us
served 247500 cold layer calls, mean 217.0 us
served 248000 cold layer calls, mean 217.6 us
served 248500 cold layer calls, mean 218.0 us
served 249000 cold layer calls, mean 218.2 us
served 249500 cold layer calls, mean 218.3 us
served 250000 cold layer calls, mean 218.4 us
served 250500 cold layer calls, mean 218.4 us
served 251000 cold layer calls, mean 218.4 us
served 251500 cold layer calls, mean 218.4 us
served 252000 cold layer calls, mean 218.4 us
served 252500 cold layer calls, mean 218.4 us
served 253000 cold layer calls, mean 218.5 us
served 253500 cold layer calls, mean 218.6 us
served 254000 cold layer calls, mean 218.7 us
served 254500 cold layer calls, mean 218.8 us
served 255000 cold layer calls, mean 219.0 us
served 255500 cold layer calls, mean 219.1 us
served 256000 cold layer calls, mean 219.4 us
served 256500 cold layer calls, mean 219.8 us
served 257000 cold layer calls, mean 220.2 us
served 257500 cold layer calls, mean 220.5 us
served 258000 cold layer calls, mean 220.9 us
served 258500 cold layer calls, mean 221.3 us
served 259000 cold layer calls, mean 221.8 us
served 259500 cold layer calls, mean 222.2 us
served 260000 cold layer calls, mean 222.7 us
served 260500 cold layer calls, mean 223.3 us
served 261000 cold layer calls, mean 223.8 us
served 261500 cold layer calls, mean 224.3 us
served 262000 cold layer calls, mean 224.8 us
served 262500 cold layer calls, mean 225.4 us
served 263000 cold layer calls, mean 225.9 us
served 263500 cold layer calls, mean 226.5 us
served 264000 cold layer calls, mean 227.1 us
served 264500 cold layer calls, mean 227.7 us
served 265000 cold layer calls, mean 228.2 us
served 265500 cold layer calls, mean 228.6 us
served 266000 cold layer calls, mean 229.0 us
served 266500 cold layer calls, mean 229.2 us
served 267000 cold layer calls, mean 229.2 us
served 267500 cold layer calls, mean 229.2 us
served 268000 cold layer calls, mean 229.2 us
served 268500 cold layer calls, mean 229.2 us
served 269000 cold layer calls, mean 229.1 us
served 269500 cold layer calls, mean 229.1 us
served 270000 cold layer calls, mean 229.1 us
served 270500 cold layer calls, mean 229.1 us
served 271000 cold layer calls, mean 229.3 us
served 271500 cold layer calls, mean 229.5 us
served 272000 cold layer calls, mean 230.0 us
served 272500 cold layer calls, mean 230.4 us
served 273000 cold layer calls, mean 230.8 us
served 273500 cold layer calls, mean 231.1 us
served 274000 cold layer calls, mean 231.5 us
served 274500 cold layer calls, mean 231.7 us
served 275000 cold layer calls, mean 231.9 us
served 275500 cold layer calls, mean 232.2 us
served 276000 cold layer calls, mean 232.5 us
served 276500 cold layer calls, mean 232.8 us
served 277000 cold layer calls, mean 233.1 us
served 277500 cold layer calls, mean 233.6 us
served 278000 cold layer calls, mean 234.0 us
served 278500 cold layer calls, mean 234.4 us
served 279000 cold layer calls, mean 234.9 us
served 279500 cold layer calls, mean 235.4 us
served 280000 cold layer calls, mean 235.8 us
served 280500 cold layer calls, mean 236.3 us
served 281000 cold layer calls, mean 236.8 us
served 281500 cold layer calls, mean 237.4 us
served 282000 cold layer calls, mean 237.9 us
served 282500 cold layer calls, mean 238.4 us
served 283000 cold layer calls, mean 238.8 us
served 283500 cold layer calls, mean 238.9 us
served 284000 cold layer calls, mean 239.1 us
served 284500 cold layer calls, mean 239.0 us
served 285000 cold layer calls, mean 239.0 us
served 285500 cold layer calls, mean 239.0 us
served 286000 cold layer calls, mean 238.9 us
served 286500 cold layer calls, mean 238.9 us
served 287000 cold layer calls, mean 239.1 us
served 287500 cold layer calls, mean 239.3 us
served 288000 cold layer calls, mean 239.6 us
served 288500 cold layer calls, mean 239.8 us
served 289000 cold layer calls, mean 239.9 us
served 289500 cold layer calls, mean 240.1 us
served 290000 cold layer calls, mean 240.3 us
served 290500 cold layer calls, mean 240.4 us
served 291000 cold layer calls, mean 240.7 us
served 291500 cold layer calls, mean 240.9 us
served 292000 cold layer calls, mean 241.2 us
served 292500 cold layer calls, mean 241.4 us
served 293000 cold layer calls, mean 241.6 us
served 293500 cold layer calls, mean 241.9 us
served 294000 cold layer calls, mean 242.2 us
served 294500 cold layer calls, mean 242.5 us
served 295000 cold layer calls, mean 242.9 us
served 295500 cold layer calls, mean 243.3 us
served 296000 cold layer calls, mean 243.7 us
served 296500 cold layer calls, mean 244.1 us
served 297000 cold layer calls, mean 244.6 us
served 297500 cold layer calls, mean 245.1 us
served 298000 cold layer calls, mean 245.7 us
served 298500 cold layer calls, mean 246.2 us
served 299000 cold layer calls, mean 246.6 us
served 299500 cold layer calls, mean 247.2 us
served 300000 cold layer calls, mean 247.5 us
served 300500 cold layer calls, mean 247.8 us
served 301000 cold layer calls, mean 247.8 us
served 301500 cold layer calls, mean 247.7 us
served 302000 cold layer calls, mean 247.7 us
served 302500 cold layer calls, mean 247.5 us
served 303000 cold layer calls, mean 247.4 us
served 303500 cold layer calls, mean 247.2 us
served 304000 cold layer calls, mean 246.9 us
served 304500 cold layer calls, mean 246.6 us
served 305000 cold layer calls, mean 246.3 us
served 305500 cold layer calls, mean 246.1 us
served 306000 cold layer calls, mean 245.8 us
served 306500 cold layer calls, mean 245.6 us
served 307000 cold layer calls, mean 245.4 us
served 307500 cold layer calls, mean 245.1 us
served 308000 cold layer calls, mean 244.9 us
served 308500 cold layer calls, mean 244.6 us
served 309000 cold layer calls, mean 244.4 us
served 309500 cold layer calls, mean 244.1 us
served 310000 cold layer calls, mean 243.9 us
served 310500 cold layer calls, mean 243.8 us
served 311000 cold layer calls, mean 243.6 us
served 311500 cold layer calls, mean 243.4 us
served 312000 cold layer calls, mean 243.1 us
served 312500 cold layer calls, mean 242.9 us
served 313000 cold layer calls, mean 242.6 us
served 313500 cold layer calls, mean 242.4 us
served 314000 cold layer calls, mean 242.1 us
served 314500 cold layer calls, mean 241.8 us
served 315000 cold layer calls, mean 241.6 us
served 315500 cold layer calls, mean 241.3 us
served 316000 cold layer calls, mean 241.1 us
served 316500 cold layer calls, mean 240.8 us
served 317000 cold layer calls, mean 240.6 us
served 317500 cold layer calls, mean 240.4 us
served 318000 cold layer calls, mean 240.2 us
served 318500 cold layer calls, mean 240.0 us
served 319000 cold layer calls, mean 239.8 us
served 319500 cold layer calls, mean 239.6 us
served 320000 cold layer calls, mean 239.4 us
served 320500 cold layer calls, mean 239.2 us
served 321000 cold layer calls, mean 239.0 us
served 321500 cold layer calls, mean 238.8 us
served 322000 cold layer calls, mean 238.6 us
served 322500 cold layer calls, mean 238.3 us
served 323000 cold layer calls, mean 238.1 us
served 323500 cold layer calls, mean 237.9 us
served 324000 cold layer calls, mean 237.6 us
served 324500 cold layer calls, mean 237.4 us
served 325000 cold layer calls, mean 237.1 us
served 325500 cold layer calls, mean 236.9 us
served 326000 cold layer calls, mean 236.7 us
served 326500 cold layer calls, mean 236.5 us
served 327000 cold layer calls, mean 236.3 us
served 327500 cold layer calls, mean 236.0 us
served 328000 cold layer calls, mean 235.9 us
served 328500 cold layer calls, mean 235.7 us
served 329000 cold layer calls, mean 235.5 us
served 329500 cold layer calls, mean 235.3 us
served 330000 cold layer calls, mean 235.1 us
served 330500 cold layer calls, mean 234.9 us
served 331000 cold layer calls, mean 234.7 us
served 331500 cold layer calls, mean 234.5 us
served 332000 cold layer calls, mean 234.3 us
served 332500 cold layer calls, mean 234.1 us
served 333000 cold layer calls, mean 233.9 us
served 333500 cold layer calls, mean 233.7 us
served 334000 cold layer calls, mean 233.5 us
served 334500 cold layer calls, mean 233.3 us
served 335000 cold layer calls, mean 233.0 us
served 335500 cold layer calls, mean 232.8 us
served 336000 cold layer calls, mean 232.6 us
served 336500 cold layer calls, mean 232.4 us
served 337000 cold layer calls, mean 232.2 us
served 337500 cold layer calls, mean 232.0 us
served 338000 cold layer calls, mean 231.8 us
served 338500 cold layer calls, mean 231.5 us
served 339000 cold layer calls, mean 231.3 us
served 339500 cold layer calls, mean 231.1 us
served 340000 cold layer calls, mean 230.9 us
served 340500 cold layer calls, mean 230.7 us
served 341000 cold layer calls, mean 230.5 us
served 341500 cold layer calls, mean 230.3 us
served 342000 cold layer calls, mean 230.1 us
served 342500 cold layer calls, mean 229.9 us
served 343000 cold layer calls, mean 229.6 us
served 343500 cold layer calls, mean 229.4 us
served 344000 cold layer calls, mean 229.2 us
served 344500 cold layer calls, mean 229.0 us
served 345000 cold layer calls, mean 228.8 us
served 345500 cold layer calls, mean 228.5 us
served 346000 cold layer calls, mean 228.3 us
served 346500 cold layer calls, mean 228.2 us
served 347000 cold layer calls, mean 228.0 us
served 347500 cold layer calls, mean 227.8 us
served 348000 cold layer calls, mean 227.6 us
served 348500 cold layer calls, mean 227.5 us
served 349000 cold layer calls, mean 227.3 us
served 349500 cold layer calls, mean 227.1 us
served 350000 cold layer calls, mean 227.0 us
served 350500 cold layer calls, mean 226.8 us
served 351000 cold layer calls, mean 226.6 us
served 351500 cold layer calls, mean 226.4 us
served 352000 cold layer calls, mean 226.3 us
served 352500 cold layer calls, mean 226.1 us
served 353000 cold layer calls, mean 225.9 us
served 353500 cold layer calls, mean 225.6 us
served 354000 cold layer calls, mean 225.4 us
served 354500 cold layer calls, mean 225.2 us
served 355000 cold layer calls, mean 225.1 us
served 355500 cold layer calls, mean 224.9 us
served 356000 cold layer calls, mean 224.7 us
served 356500 cold layer calls, mean 224.5 us
served 357000 cold layer calls, mean 224.3 us
served 357500 cold layer calls, mean 224.1 us
served 358000 cold layer calls, mean 223.9 us
served 358500 cold layer calls, mean 223.7 us
served 359000 cold layer calls, mean 223.6 us
served 359500 cold layer calls, mean 223.4 us
served 360000 cold layer calls, mean 223.3 us
served 360500 cold layer calls, mean 223.1 us
served 361000 cold layer calls, mean 222.9 us
served 361500 cold layer calls, mean 222.7 us
served 362000 cold layer calls, mean 222.5 us
served 362500 cold layer calls, mean 222.3 us
served 363000 cold layer calls, mean 222.1 us
served 363500 cold layer calls, mean 221.9 us
served 364000 cold layer calls, mean 221.7 us
served 364500 cold layer calls, mean 221.5 us
served 365000 cold layer calls, mean 221.4 us
served 365500 cold layer calls, mean 221.2 us
served 366000 cold layer calls, mean 221.0 us
served 366500 cold layer calls, mean 220.9 us
served 367000 cold layer calls, mean 220.7 us
served 367500 cold layer calls, mean 220.6 us
served 368000 cold layer calls, mean 220.4 us
served 368500 cold layer calls, mean 220.3 us
served 369000 cold layer calls, mean 220.1 us
served 369500 cold layer calls, mean 220.0 us
served 370000 cold layer calls, mean 219.8 us
served 370500 cold layer calls, mean 219.7 us
served 371000 cold layer calls, mean 219.5 us
served 371500 cold layer calls, mean 219.3 us
served 372000 cold layer calls, mean 219.1 us
served 372500 cold layer calls, mean 218.9 us
served 373000 cold layer calls, mean 218.7 us
served 373500 cold layer calls, mean 218.6 us
served 374000 cold layer calls, mean 218.4 us
served 374500 cold layer calls, mean 218.2 us
served 375000 cold layer calls, mean 218.0 us
served 375500 cold layer calls, mean 217.8 us
served 376000 cold layer calls, mean 217.6 us
served 376500 cold layer calls, mean 217.5 us
served 377000 cold layer calls, mean 217.3 us
served 377500 cold layer calls, mean 217.2 us
served 378000 cold layer calls, mean 217.1 us
served 378500 cold layer calls, mean 216.9 us
served 379000 cold layer calls, mean 216.8 us
served 379500 cold layer calls, mean 216.7 us
served 380000 cold layer calls, mean 216.6 us
served 380500 cold layer calls, mean 216.5 us
served 381000 cold layer calls, mean 216.4 us
served 381500 cold layer calls, mean 216.3 us
served 382000 cold layer calls, mean 216.2 us
served 382500 cold layer calls, mean 216.1 us
served 383000 cold layer calls, mean 216.1 us
served 383500 cold layer calls, mean 216.0 us
served 384000 cold layer calls, mean 216.0 us
served 384500 cold layer calls, mean 216.0 us
served 385000 cold layer calls, mean 216.1 us
served 385500 cold layer calls, mean 216.1 us
served 386000 cold layer calls, mean 216.2 us
served 386500 cold layer calls, mean 216.1 us
served 387000 cold layer calls, mean 216.1 us
served 387500 cold layer calls, mean 216.1 us
served 388000 cold layer calls, mean 216.0 us
served 388500 cold layer calls, mean 216.0 us
served 389000 cold layer calls, mean 216.0 us
served 389500 cold layer calls, mean 216.0 us
served 390000 cold layer calls, mean 216.0 us
served 390500 cold layer calls, mean 216.0 us
served 391000 cold layer calls, mean 216.0 us
served 391500 cold layer calls, mean 216.1 us
served 392000 cold layer calls, mean 216.1 us
served 392500 cold layer calls, mean 216.2 us
served 393000 cold layer calls, mean 216.2 us
served 393500 cold layer calls, mean 216.2 us
served 394000 cold layer calls, mean 216.3 us
served 394500 cold layer calls, mean 216.5 us
served 395000 cold layer calls, mean 216.6 us
served 395500 cold layer calls, mean 216.7 us
served 396000 cold layer calls, mean 216.9 us
served 396500 cold layer calls, mean 217.0 us
served 397000 cold layer calls, mean 217.0 us
served 397500 cold layer calls, mean 217.0 us
served 398000 cold layer calls, mean 216.9 us
served 398500 cold layer calls, mean 216.8 us
served 399000 cold layer calls, mean 216.7 us
served 399500 cold layer calls, mean 216.6 us
served 400000 cold layer calls, mean 216.5 us
served 400500 cold layer calls, mean 216.4 us
served 401000 cold layer calls, mean 216.4 us
served 401500 cold layer calls, mean 216.4 us
served 402000 cold layer calls, mean 216.3 us
served 402500 cold layer calls, mean 216.3 us
served 403000 cold layer calls, mean 216.4 us
served 403500 cold layer calls, mean 216.4 us
served 404000 cold layer calls, mean 216.5 us
served 404500 cold layer calls, mean 216.5 us
served 405000 cold layer calls, mean 216.5 us
served 405500 cold layer calls, mean 216.5 us
served 406000 cold layer calls, mean 216.6 us
served 406500 cold layer calls, mean 216.7 us
served 407000 cold layer calls, mean 216.8 us
served 407500 cold layer calls, mean 216.8 us
served 408000 cold layer calls, mean 216.9 us
served 408500 cold layer calls, mean 217.0 us
served 409000 cold layer calls, mean 217.1 us
served 409500 cold layer calls, mean 217.2 us
served 410000 cold layer calls, mean 217.2 us
served 410500 cold layer calls, mean 217.3 us
served 411000 cold layer calls, mean 217.3 us
served 411500 cold layer calls, mean 217.4 us
served 412000 cold layer calls, mean 217.4 us
served 412500 cold layer calls, mean 217.5 us
served 413000 cold layer calls, mean 217.5 us
served 413500 cold layer calls, mean 217.6 us
served 414000 cold layer calls, mean 217.6 us
served 414500 cold layer calls, mean 217.6 us
served 415000 cold layer calls, mean 217.6 us
served 415500 cold layer calls, mean 217.5 us
served 416000 cold layer calls, mean 217.4 us
served 416500 cold layer calls, mean 217.3 us
served 417000 cold layer calls, mean 217.2 us
served 417500 cold layer calls, mean 217.1 us
served 418000 cold layer calls, mean 217.0 us
served 418500 cold layer calls, mean 216.9 us
served 419000 cold layer calls, mean 216.9 us
served 419500 cold layer calls, mean 216.8 us
served 420000 cold layer calls, mean 216.7 us
served 420500 cold layer calls, mean 216.7 us
served 421000 cold layer calls, mean 216.6 us
served 421500 cold layer calls, mean 216.6 us
served 422000 cold layer calls, mean 216.5 us
served 422500 cold layer calls, mean 216.5 us
served 423000 cold layer calls, mean 216.6 us
served 423500 cold layer calls, mean 216.7 us
served 424000 cold layer calls, mean 216.7 us
served 424500 cold layer calls, mean 216.8 us
served 425000 cold layer calls, mean 216.9 us
served 425500 cold layer calls, mean 216.9 us
served 426000 cold layer calls, mean 217.0 us
served 426500 cold layer calls, mean 217.0 us
served 427000 cold layer calls, mean 217.1 us
served 427500 cold layer calls, mean 217.2 us
served 428000 cold layer calls, mean 217.3 us
served 428500 cold layer calls, mean 217.4 us
served 429000 cold layer calls, mean 217.5 us
served 429500 cold layer calls, mean 217.6 us
served 430000 cold layer calls, mean 217.6 us
served 430500 cold layer calls, mean 217.7 us
served 431000 cold layer calls, mean 217.8 us
served 431500 cold layer calls, mean 217.8 us
served 432000 cold layer calls, mean 217.8 us
served 432500 cold layer calls, mean 217.8 us
served 433000 cold layer calls, mean 217.7 us
served 433500 cold layer calls, mean 217.6 us
served 434000 cold layer calls, mean 217.5 us
served 434500 cold layer calls, mean 217.4 us
served 435000 cold layer calls, mean 217.4 us
served 435500 cold layer calls, mean 217.3 us
served 436000 cold layer calls, mean 217.3 us
served 436500 cold layer calls, mean 217.2 us
served 437000 cold layer calls, mean 217.3 us
served 437500 cold layer calls, mean 217.2 us
served 438000 cold layer calls, mean 217.2 us
served 438500 cold layer calls, mean 217.1 us
served 439000 cold layer calls, mean 217.1 us
served 439500 cold layer calls, mean 217.1 us
served 440000 cold layer calls, mean 217.1 us
served 440500 cold layer calls, mean 217.1 us
served 441000 cold layer calls, mean 217.1 us
served 441500 cold layer calls, mean 217.1 us
served 442000 cold layer calls, mean 217.1 us
served 442500 cold layer calls, mean 217.1 us
served 443000 cold layer calls, mean 217.1 us
served 443500 cold layer calls, mean 217.2 us
served 444000 cold layer calls, mean 217.2 us
served 444500 cold layer calls, mean 217.3 us
served 445000 cold layer calls, mean 217.3 us
served 445500 cold layer calls, mean 217.4 us
served 446000 cold layer calls, mean 217.5 us
served 446500 cold layer calls, mean 217.5 us
served 447000 cold layer calls, mean 217.7 us
served 447500 cold layer calls, mean 217.8 us
served 448000 cold layer calls, mean 218.0 us
served 448500 cold layer calls, mean 218.1 us
served 449000 cold layer calls, mean 218.1 us
served 449500 cold layer calls, mean 218.1 us
served 450000 cold layer calls, mean 218.1 us
served 450500 cold layer calls, mean 218.0 us
served 451000 cold layer calls, mean 217.9 us
served 451500 cold layer calls, mean 217.9 us
served 452000 cold layer calls, mean 217.8 us
served 452500 cold layer calls, mean 217.7 us
served 453000 cold layer calls, mean 217.7 us
served 453500 cold layer calls, mean 217.7 us
served 454000 cold layer calls, mean 217.7 us
served 454500 cold layer calls, mean 217.7 us
served 455000 cold layer calls, mean 217.6 us
served 455500 cold layer calls, mean 217.7 us
served 456000 cold layer calls, mean 217.8 us
served 456500 cold layer calls, mean 217.8 us
served 457000 cold layer calls, mean 217.8 us
served 457500 cold layer calls, mean 217.7 us
served 458000 cold layer calls, mean 217.7 us
served 458500 cold layer calls, mean 217.7 us
served 459000 cold layer calls, mean 217.7 us
served 459500 cold layer calls, mean 217.7 us
served 460000 cold layer calls, mean 217.7 us
served 460500 cold layer calls, mean 217.7 us
served 461000 cold layer calls, mean 217.7 us
served 461500 cold layer calls, mean 217.7 us
served 462000 cold layer calls, mean 217.6 us
served 462500 cold layer calls, mean 217.6 us
served 463000 cold layer calls, mean 217.6 us
served 463500 cold layer calls, mean 217.7 us
served 464000 cold layer calls, mean 217.8 us
served 464500 cold layer calls, mean 217.8 us
served 465000 cold layer calls, mean 217.8 us
served 465500 cold layer calls, mean 217.8 us
served 466000 cold layer calls, mean 217.8 us
served 466500 cold layer calls, mean 217.8 us
served 467000 cold layer calls, mean 217.7 us
served 467500 cold layer calls, mean 217.7 us
served 468000 cold layer calls, mean 217.6 us
served 468500 cold layer calls, mean 217.6 us
served 469000 cold layer calls, mean 217.5 us
served 469500 cold layer calls, mean 217.4 us
served 470000 cold layer calls, mean 217.3 us
served 470500 cold layer calls, mean 217.3 us
served 471000 cold layer calls, mean 217.3 us
served 471500 cold layer calls, mean 217.4 us
served 472000 cold layer calls, mean 217.3 us
served 472500 cold layer calls, mean 217.4 us
served 473000 cold layer calls, mean 217.4 us
served 473500 cold layer calls, mean 217.4 us
served 474000 cold layer calls, mean 217.4 us
served 474500 cold layer calls, mean 217.4 us
served 475000 cold layer calls, mean 217.4 us
served 475500 cold layer calls, mean 217.4 us
served 476000 cold layer calls, mean 217.5 us
served 476500 cold layer calls, mean 217.5 us
served 477000 cold layer calls, mean 217.5 us
served 477500 cold layer calls, mean 217.5 us
served 478000 cold layer calls, mean 217.5 us
served 478500 cold layer calls, mean 217.5 us
served 479000 cold layer calls, mean 217.6 us
served 479500 cold layer calls, mean 217.6 us
served 480000 cold layer calls, mean 217.7 us
served 480500 cold layer calls, mean 217.7 us
served 481000 cold layer calls, mean 217.8 us
served 481500 cold layer calls, mean 217.8 us
served 482000 cold layer calls, mean 217.9 us
served 482500 cold layer calls, mean 217.9 us
served 483000 cold layer calls, mean 217.9 us
served 483500 cold layer calls, mean 218.0 us
served 484000 cold layer calls, mean 218.0 us
served 484500 cold layer calls, mean 217.9 us
served 485000 cold layer calls, mean 217.8 us
served 485500 cold layer calls, mean 217.7 us
served 486000 cold layer calls, mean 217.6 us
served 486500 cold layer calls, mean 217.4 us
served 487000 cold layer calls, mean 217.3 us
served 487500 cold layer calls, mean 217.2 us
served 488000 cold layer calls, mean 217.1 us
served 488500 cold layer calls, mean 216.9 us
served 489000 cold layer calls, mean 216.8 us
served 489500 cold layer calls, mean 216.7 us
served 490000 cold layer calls, mean 216.5 us
served 490500 cold layer calls, mean 216.4 us
served 491000 cold layer calls, mean 216.2 us
served 491500 cold layer calls, mean 216.1 us
served 492000 cold layer calls, mean 216.0 us
served 492500 cold layer calls, mean 215.9 us
served 493000 cold layer calls, mean 215.8 us
served 493500 cold layer calls, mean 215.6 us
served 494000 cold layer calls, mean 215.5 us
served 494500 cold layer calls, mean 215.5 us
served 495000 cold layer calls, mean 215.6 us
served 495500 cold layer calls, mean 215.6 us
served 496000 cold layer calls, mean 215.6 us
served 496500 cold layer calls, mean 215.6 us
served 497000 cold layer calls, mean 215.5 us
served 497500 cold layer calls, mean 215.5 us
served 498000 cold layer calls, mean 215.5 us
served 498500 cold layer calls, mean 215.6 us
served 499000 cold layer calls, mean 215.7 us
served 499500 cold layer calls, mean 215.8 us
served 500000 cold layer calls, mean 215.9 us
served 500500 cold layer calls, mean 216.1 us
served 501000 cold layer calls, mean 216.2 us
served 501500 cold layer calls, mean 216.4 us
served 502000 cold layer calls, mean 216.6 us
served 502500 cold layer calls, mean 216.7 us
served 503000 cold layer calls, mean 216.9 us
served 503500 cold layer calls, mean 217.1 us
served 504000 cold layer calls, mean 217.3 us
served 504500 cold layer calls, mean 217.5 us
served 505000 cold layer calls, mean 217.7 us
served 505500 cold layer calls, mean 218.0 us
served 506000 cold layer calls, mean 218.2 us
served 506500 cold layer calls, mean 218.4 us
served 507000 cold layer calls, mean 218.6 us
served 507500 cold layer calls, mean 218.8 us
served 508000 cold layer calls, mean 219.0 us
served 508500 cold layer calls, mean 219.3 us
served 509000 cold layer calls, mean 219.5 us
served 509500 cold layer calls, mean 219.7 us
served 510000 cold layer calls, mean 220.0 us
served 510500 cold layer calls, mean 220.3 us
served 511000 cold layer calls, mean 220.6 us
served 511500 cold layer calls, mean 220.9 us
served 512000 cold layer calls, mean 221.1 us
served 512500 cold layer calls, mean 221.1 us
served 513000 cold layer calls, mean 221.0 us
served 513500 cold layer calls, mean 221.1 us
served 514000 cold layer calls, mean 221.1 us
served 514500 cold layer calls, mean 221.1 us
served 515000 cold layer calls, mean 221.1 us
served 515500 cold layer calls, mean 221.1 us
served 516000 cold layer calls, mean 221.1 us
served 516500 cold layer calls, mean 221.1 us
served 517000 cold layer calls, mean 221.1 us
served 517500 cold layer calls, mean 221.2 us
served 518000 cold layer calls, mean 221.3 us
served 518500 cold layer calls, mean 221.4 us
served 519000 cold layer calls, mean 221.4 us
served 519500 cold layer calls, mean 221.5 us
served 520000 cold layer calls, mean 221.7 us
served 520500 cold layer calls, mean 221.9 us
served 521000 cold layer calls, mean 222.1 us
served 521500 cold layer calls, mean 222.2 us
served 522000 cold layer calls, mean 222.4 us
served 522500 cold layer calls, mean 222.5 us
served 523000 cold layer calls, mean 222.7 us
served 523500 cold layer calls, mean 222.8 us
served 524000 cold layer calls, mean 222.9 us
served 524500 cold layer calls, mean 223.1 us
served 525000 cold layer calls, mean 223.2 us
served 525500 cold layer calls, mean 223.4 us
served 526000 cold layer calls, mean 223.6 us
served 526500 cold layer calls, mean 223.9 us
served 527000 cold layer calls, mean 224.1 us
served 527500 cold layer calls, mean 224.3 us
served 528000 cold layer calls, mean 224.6 us
served 528500 cold layer calls, mean 224.8 us
served 529000 cold layer calls, mean 225.1 us
served 529500 cold layer calls, mean 225.4 us
served 530000 cold layer calls, mean 225.5 us
served 530500 cold layer calls, mean 225.7 us
served 531000 cold layer calls, mean 225.8 us
served 531500 cold layer calls, mean 225.9 us
served 532000 cold layer calls, mean 225.9 us
served 532500 cold layer calls, mean 225.9 us
served 533000 cold layer calls, mean 225.9 us
served 533500 cold layer calls, mean 225.9 us
served 534000 cold layer calls, mean 226.0 us
served 534500 cold layer calls, mean 226.0 us
served 535000 cold layer calls, mean 226.2 us
served 535500 cold layer calls, mean 226.3 us
served 536000 cold layer calls, mean 226.5 us
served 536500 cold layer calls, mean 226.6 us
served 537000 cold layer calls, mean 226.7 us
served 537500 cold layer calls, mean 226.9 us
served 538000 cold layer calls, mean 227.0 us
served 538500 cold layer calls, mean 227.1 us
served 539000 cold layer calls, mean 227.3 us
served 539500 cold layer calls, mean 227.4 us
served 540000 cold layer calls, mean 227.5 us
served 540500 cold layer calls, mean 227.7 us
served 541000 cold layer calls, mean 227.8 us
served 541500 cold layer calls, mean 228.0 us
served 542000 cold layer calls, mean 228.2 us
served 542500 cold layer calls, mean 228.4 us
served 543000 cold layer calls, mean 228.7 us
served 543500 cold layer calls, mean 229.0 us
served 544000 cold layer calls, mean 229.2 us
served 544500 cold layer calls, mean 229.5 us
served 545000 cold layer calls, mean 229.8 us
served 545500 cold layer calls, mean 230.1 us
served 546000 cold layer calls, mean 230.3 us
served 546500 cold layer calls, mean 230.6 us
served 547000 cold layer calls, mean 230.9 us
served 547500 cold layer calls, mean 231.1 us
served 548000 cold layer calls, mean 231.2 us
served 548500 cold layer calls, mean 231.3 us
served 549000 cold layer calls, mean 231.4 us
served 549500 cold layer calls, mean 231.4 us
served 550000 cold layer calls, mean 231.4 us
served 550500 cold layer calls, mean 231.4 us
served 551000 cold layer calls, mean 231.3 us
served 551500 cold layer calls, mean 231.4 us
served 552000 cold layer calls, mean 231.4 us
served 552500 cold layer calls, mean 231.5 us
served 553000 cold layer calls, mean 231.6 us
served 553500 cold layer calls, mean 231.7 us
served 554000 cold layer calls, mean 231.9 us
served 554500 cold layer calls, mean 232.0 us
served 555000 cold layer calls, mean 232.2 us
served 555500 cold layer calls, mean 232.4 us
served 556000 cold layer calls, mean 232.6 us
served 556500 cold layer calls, mean 232.8 us
served 557000 cold layer calls, mean 232.9 us
served 557500 cold layer calls, mean 233.1 us
served 558000 cold layer calls, mean 233.3 us
served 558500 cold layer calls, mean 233.5 us
served 559000 cold layer calls, mean 233.7 us
served 559500 cold layer calls, mean 233.9 us
served 560000 cold layer calls, mean 234.1 us
served 560500 cold layer calls, mean 234.4 us
served 561000 cold layer calls, mean 234.6 us
served 561500 cold layer calls, mean 234.8 us
served 562000 cold layer calls, mean 235.0 us
served 562500 cold layer calls, mean 235.2 us
served 563000 cold layer calls, mean 235.4 us
served 563500 cold layer calls, mean 235.6 us
served 564000 cold layer calls, mean 235.8 us
served 564500 cold layer calls, mean 236.0 us
served 565000 cold layer calls, mean 236.2 us
served 565500 cold layer calls, mean 236.3 us
served 566000 cold layer calls, mean 236.3 us
served 566500 cold layer calls, mean 236.3 us
served 567000 cold layer calls, mean 236.3 us
served 567500 cold layer calls, mean 236.3 us
served 568000 cold layer calls, mean 236.3 us
served 568500 cold layer calls, mean 236.3 us
served 569000 cold layer calls, mean 236.3 us
served 569500 cold layer calls, mean 236.3 us
served 570000 cold layer calls, mean 236.3 us
served 570500 cold layer calls, mean 236.3 us
served 571000 cold layer calls, mean 236.4 us
served 571500 cold layer calls, mean 236.5 us
served 572000 cold layer calls, mean 236.6 us
served 572500 cold layer calls, mean 236.7 us
served 573000 cold layer calls, mean 236.8 us
served 573500 cold layer calls, mean 237.0 us
served 574000 cold layer calls, mean 237.2 us
served 574500 cold layer calls, mean 237.4 us
served 575000 cold layer calls, mean 237.6 us
served 575500 cold layer calls, mean 237.9 us
served 576000 cold layer calls, mean 238.1 us
served 576500 cold layer calls, mean 238.4 us
served 577000 cold layer calls, mean 238.6 us
served 577500 cold layer calls, mean 238.9 us
served 578000 cold layer calls, mean 239.2 us
served 578500 cold layer calls, mean 239.5 us
served 579000 cold layer calls, mean 239.7 us
served 579500 cold layer calls, mean 240.0 us
served 580000 cold layer calls, mean 240.2 us
served 580500 cold layer calls, mean 240.4 us
served 581000 cold layer calls, mean 240.7 us
served 581500 cold layer calls, mean 240.9 us
served 582000 cold layer calls, mean 241.1 us
served 582500 cold layer calls, mean 241.3 us
served 583000 cold layer calls, mean 241.4 us
served 583500 cold layer calls, mean 241.4 us
served 584000 cold layer calls, mean 241.5 us
served 584500 cold layer calls, mean 241.5 us
served 585000 cold layer calls, mean 241.4 us
served 585500 cold layer calls, mean 241.4 us
served 586000 cold layer calls, mean 241.4 us
served 586500 cold layer calls, mean 241.5 us
served 587000 cold layer calls, mean 241.6 us
served 587500 cold layer calls, mean 241.7 us
served 588000 cold layer calls, mean 241.8 us
served 588500 cold layer calls, mean 241.9 us
served 589000 cold layer calls, mean 242.0 us
served 589500 cold layer calls, mean 242.2 us
served 590000 cold layer calls, mean 242.3 us
served 590500 cold layer calls, mean 242.5 us
served 591000 cold layer calls, mean 242.6 us
served 591500 cold layer calls, mean 242.7 us
served 592000 cold layer calls, mean 242.9 us
served 592500 cold layer calls, mean 243.0 us
served 593000 cold layer calls, mean 243.1 us
served 593500 cold layer calls, mean 243.2 us
served 594000 cold layer calls, mean 243.3 us
served 594500 cold layer calls, mean 243.5 us
served 595000 cold layer calls, mean 243.6 us
served 595500 cold layer calls, mean 243.7 us
served 596000 cold layer calls, mean 243.8 us
served 596500 cold layer calls, mean 243.9 us
served 597000 cold layer calls, mean 244.1 us
served 597500 cold layer calls, mean 244.2 us
served 598000 cold layer calls, mean 244.3 us
served 598500 cold layer calls, mean 244.5 us
served 599000 cold layer calls, mean 244.7 us
served 599500 cold layer calls, mean 244.8 us
served 600000 cold layer calls, mean 244.9 us
served 600500 cold layer calls, mean 244.9 us
served 601000 cold layer calls, mean 244.8 us
served 601500 cold layer calls, mean 244.7 us
served 602000 cold layer calls, mean 244.7 us
served 602500 cold layer calls, mean 244.5 us
served 603000 cold layer calls, mean 244.4 us
served 603500 cold layer calls, mean 244.3 us
served 604000 cold layer calls, mean 244.1 us
served 604500 cold layer calls, mean 244.0 us
served 605000 cold layer calls, mean 243.9 us
served 605500 cold layer calls, mean 243.7 us
served 606000 cold layer calls, mean 243.6 us
served 606500 cold layer calls, mean 243.5 us
served 607000 cold layer calls, mean 243.4 us
served 607500 cold layer calls, mean 243.3 us
served 608000 cold layer calls, mean 243.2 us
served 608500 cold layer calls, mean 243.1 us
served 609000 cold layer calls, mean 243.0 us
served 609500 cold layer calls, mean 242.9 us
served 610000 cold layer calls, mean 242.8 us
served 610500 cold layer calls, mean 242.6 us
served 611000 cold layer calls, mean 242.5 us
served 611500 cold layer calls, mean 242.4 us
served 612000 cold layer calls, mean 242.3 us
served 612500 cold layer calls, mean 242.2 us
served 613000 cold layer calls, mean 242.4 us
served 613500 cold layer calls, mean 242.4 us
served 614000 cold layer calls, mean 242.4 us
served 614500 cold layer calls, mean 242.8 us
served 615000 cold layer calls, mean 243.0 us
served 615500 cold layer calls, mean 243.1 us
served 616000 cold layer calls, mean 243.2 us
served 616500 cold layer calls, mean 243.1 us
served 617000 cold layer calls, mean 243.0 us
served 617500 cold layer calls, mean 242.9 us
served 618000 cold layer calls, mean 242.8 us
served 618500 cold layer calls, mean 242.7 us
served 619000 cold layer calls, mean 242.5 us
served 619500 cold layer calls, mean 242.4 us
served 620000 cold layer calls, mean 242.3 us
served 620500 cold layer calls, mean 242.1 us
served 621000 cold layer calls, mean 242.0 us
served 621500 cold layer calls, mean 241.9 us
served 622000 cold layer calls, mean 241.8 us
served 622500 cold layer calls, mean 241.6 us
served 623000 cold layer calls, mean 241.5 us
served 623500 cold layer calls, mean 241.4 us
served 624000 cold layer calls, mean 241.3 us
served 624500 cold layer calls, mean 241.2 us
served 625000 cold layer calls, mean 241.1 us
served 625500 cold layer calls, mean 240.9 us
served 626000 cold layer calls, mean 240.8 us
served 626500 cold layer calls, mean 240.7 us
served 627000 cold layer calls, mean 240.8 us
served 627500 cold layer calls, mean 241.0 us
served 628000 cold layer calls, mean 240.9 us
served 628500 cold layer calls, mean 240.9 us
served 629000 cold layer calls, mean 241.1 us
served 629500 cold layer calls, mean 241.2 us
served 630000 cold layer calls, mean 241.1 us
served 630500 cold layer calls, mean 241.1 us
served 631000 cold layer calls, mean 241.0 us
served 631500 cold layer calls, mean 240.8 us
served 632000 cold layer calls, mean 240.7 us
served 632500 cold layer calls, mean 240.6 us
served 633000 cold layer calls, mean 240.5 us
served 633500 cold layer calls, mean 240.3 us
served 634000 cold layer calls, mean 240.2 us
served 634500 cold layer calls, mean 240.1 us
served 635000 cold layer calls, mean 240.0 us
served 635500 cold layer calls, mean 239.9 us
served 636000 cold layer calls, mean 239.7 us
served 636500 cold layer calls, mean 239.6 us
served 637000 cold layer calls, mean 239.5 us
served 637500 cold layer calls, mean 239.4 us
served 638000 cold layer calls, mean 239.2 us
served 638500 cold layer calls, mean 239.1 us
served 639000 cold layer calls, mean 239.0 us
served 639500 cold layer calls, mean 238.9 us
served 640000 cold layer calls, mean 238.7 us
served 640500 cold layer calls, mean 238.6 us
served 641000 cold layer calls, mean 238.5 us
served 641500 cold layer calls, mean 238.4 us
served 642000 cold layer calls, mean 238.3 us
served 642500 cold layer calls, mean 238.2 us
served 643000 cold layer calls, mean 238.1 us
served 643500 cold layer calls, mean 238.0 us
served 644000 cold layer calls, mean 237.9 us
served 644500 cold layer calls, mean 237.8 us
served 645000 cold layer calls, mean 237.7 us
served 645500 cold layer calls, mean 237.6 us
served 646000 cold layer calls, mean 237.5 us
served 646500 cold layer calls, mean 237.3 us
served 647000 cold layer calls, mean 237.2 us
served 647500 cold layer calls, mean 237.1 us
served 648000 cold layer calls, mean 237.1 us
served 648500 cold layer calls, mean 236.9 us
served 649000 cold layer calls, mean 236.8 us
served 649500 cold layer calls, mean 236.7 us
served 650000 cold layer calls, mean 236.6 us
served 650500 cold layer calls, mean 236.5 us
served 651000 cold layer calls, mean 236.4 us
served 651500 cold layer calls, mean 236.2 us
served 652000 cold layer calls, mean 236.1 us
served 652500 cold layer calls, mean 236.0 us
served 653000 cold layer calls, mean 235.9 us
served 653500 cold layer calls, mean 235.8 us
served 654000 cold layer calls, mean 235.7 us
served 654500 cold layer calls, mean 235.6 us
served 655000 cold layer calls, mean 235.5 us
served 655500 cold layer calls, mean 235.4 us
served 656000 cold layer calls, mean 235.3 us
served 656500 cold layer calls, mean 235.2 us
served 657000 cold layer calls, mean 235.1 us
served 657500 cold layer calls, mean 235.0 us
served 658000 cold layer calls, mean 234.9 us
served 658500 cold layer calls, mean 234.8 us
served 659000 cold layer calls, mean 234.7 us
served 659500 cold layer calls, mean 234.6 us
served 660000 cold layer calls, mean 234.5 us
served 660500 cold layer calls, mean 234.4 us
served 661000 cold layer calls, mean 234.3 us
served 661500 cold layer calls, mean 234.2 us
served 662000 cold layer calls, mean 234.1 us
served 662500 cold layer calls, mean 234.0 us
served 663000 cold layer calls, mean 233.9 us
served 663500 cold layer calls, mean 233.8 us
served 664000 cold layer calls, mean 233.7 us
served 664500 cold layer calls, mean 233.6 us
served 665000 cold layer calls, mean 233.5 us
served 665500 cold layer calls, mean 233.3 us
served 666000 cold layer calls, mean 233.2 us
served 666500 cold layer calls, mean 233.1 us
served 667000 cold layer calls, mean 233.0 us
served 667500 cold layer calls, mean 232.9 us
served 668000 cold layer calls, mean 232.8 us
served 668500 cold layer calls, mean 232.6 us
served 669000 cold layer calls, mean 232.5 us
served 669500 cold layer calls, mean 232.4 us
served 670000 cold layer calls, mean 232.4 us
served 670500 cold layer calls, mean 232.3 us
served 671000 cold layer calls, mean 232.2 us
served 671500 cold layer calls, mean 232.1 us
served 672000 cold layer calls, mean 232.0 us
served 672500 cold layer calls, mean 231.9 us
served 673000 cold layer calls, mean 231.8 us
served 673500 cold layer calls, mean 231.7 us
served 674000 cold layer calls, mean 231.6 us
served 674500 cold layer calls, mean 231.5 us
served 675000 cold layer calls, mean 231.4 us
served 675500 cold layer calls, mean 231.3 us
served 676000 cold layer calls, mean 231.2 us
served 676500 cold layer calls, mean 231.1 us
served 677000 cold layer calls, mean 231.0 us
served 677500 cold layer calls, mean 230.8 us
served 678000 cold layer calls, mean 230.7 us
served 678500 cold layer calls, mean 230.6 us
served 679000 cold layer calls, mean 230.5 us
served 679500 cold layer calls, mean 230.4 us
served 680000 cold layer calls, mean 230.3 us
served 680500 cold layer calls, mean 230.2 us
served 681000 cold layer calls, mean 230.1 us
served 681500 cold layer calls, mean 230.0 us
served 682000 cold layer calls, mean 229.9 us
served 682500 cold layer calls, mean 229.8 us
served 683000 cold layer calls, mean 229.7 us
served 683500 cold layer calls, mean 229.6 us
served 684000 cold layer calls, mean 229.5 us
served 684500 cold layer calls, mean 229.4 us
served 685000 cold layer calls, mean 229.3 us
served 685500 cold layer calls, mean 229.2 us
served 686000 cold layer calls, mean 229.1 us
served 686500 cold layer calls, mean 229.0 us
served 687000 cold layer calls, mean 228.9 us
served 687500 cold layer calls, mean 228.7 us
served 688000 cold layer calls, mean 228.6 us
served 688500 cold layer calls, mean 228.5 us
served 689000 cold layer calls, mean 228.4 us
served 689500 cold layer calls, mean 228.3 us
served 690000 cold layer calls, mean 228.2 us
served 690500 cold layer calls, mean 228.1 us
served 691000 cold layer calls, mean 228.0 us
served 691500 cold layer calls, mean 227.9 us
served 692000 cold layer calls, mean 227.8 us
served 692500 cold layer calls, mean 227.7 us
served 693000 cold layer calls, mean 227.6 us
served 693500 cold layer calls, mean 227.5 us
served 694000 cold layer calls, mean 227.4 us
served 694500 cold layer calls, mean 227.3 us
served 695000 cold layer calls, mean 227.2 us
served 695500 cold layer calls, mean 227.1 us
served 696000 cold layer calls, mean 227.0 us
served 696500 cold layer calls, mean 227.0 us
served 697000 cold layer calls, mean 226.9 us
served 697500 cold layer calls, mean 226.8 us
served 698000 cold layer calls, mean 226.7 us
served 698500 cold layer calls, mean 226.6 us
served 699000 cold layer calls, mean 226.5 us
served 699500 cold layer calls, mean 226.4 us
served 700000 cold layer calls, mean 226.3 us
served 700500 cold layer calls, mean 226.3 us
served 701000 cold layer calls, mean 226.2 us
served 701500 cold layer calls, mean 226.2 us
served 702000 cold layer calls, mean 226.1 us
served 702500 cold layer calls, mean 226.0 us
served 703000 cold layer calls, mean 226.0 us
served 703500 cold layer calls, mean 225.9 us
served 704000 cold layer calls, mean 225.9 us
served 704500 cold layer calls, mean 225.8 us
served 705000 cold layer calls, mean 225.8 us
served 705500 cold layer calls, mean 225.8 us
served 706000 cold layer calls, mean 225.7 us
served 706500 cold layer calls, mean 225.7 us
served 707000 cold layer calls, mean 225.7 us
served 707500 cold layer calls, mean 225.7 us
served 708000 cold layer calls, mean 225.7 us
served 708500 cold layer calls, mean 225.8 us
served 709000 cold layer calls, mean 225.8 us
served 709500 cold layer calls, mean 225.9 us
served 710000 cold layer calls, mean 226.0 us
served 710500 cold layer calls, mean 226.1 us
served 711000 cold layer calls, mean 226.1 us
served 711500 cold layer calls, mean 226.2 us
served 712000 cold layer calls, mean 226.3 us
served 712500 cold layer calls, mean 226.4 us
served 713000 cold layer calls, mean 226.4 us
served 713500 cold layer calls, mean 226.5 us
served 714000 cold layer calls, mean 226.6 us
served 714500 cold layer calls, mean 226.6 us
served 715000 cold layer calls, mean 226.7 us
served 715500 cold layer calls, mean 226.8 us
served 716000 cold layer calls, mean 226.8 us
served 716500 cold layer calls, mean 226.8 us
served 717000 cold layer calls, mean 226.8 us
served 717500 cold layer calls, mean 226.8 us
served 718000 cold layer calls, mean 226.7 us
served 718500 cold layer calls, mean 226.7 us
served 719000 cold layer calls, mean 226.6 us
served 719500 cold layer calls, mean 226.6 us
served 720000 cold layer calls, mean 226.5 us
served 720500 cold layer calls, mean 226.5 us
served 721000 cold layer calls, mean 226.4 us
served 721500 cold layer calls, mean 226.4 us
served 722000 cold layer calls, mean 226.3 us
served 722500 cold layer calls, mean 226.2 us
served 723000 cold layer calls, mean 226.2 us
served 723500 cold layer calls, mean 226.1 us
served 724000 cold layer calls, mean 226.1 us
served 724500 cold layer calls, mean 226.1 us
served 725000 cold layer calls, mean 226.1 us
served 725500 cold layer calls, mean 226.1 us
served 726000 cold layer calls, mean 226.1 us
served 726500 cold layer calls, mean 226.2 us
served 727000 cold layer calls, mean 226.2 us
served 727500 cold layer calls, mean 226.2 us
served 728000 cold layer calls, mean 226.2 us
served 728500 cold layer calls, mean 226.2 us
served 729000 cold layer calls, mean 226.2 us
served 729500 cold layer calls, mean 226.3 us
served 730000 cold layer calls, mean 226.3 us
served 730500 cold layer calls, mean 226.3 us
served 731000 cold layer calls, mean 226.4 us
served 731500 cold layer calls, mean 226.4 us
served 732000 cold layer calls, mean 226.4 us
served 732500 cold layer calls, mean 226.5 us
served 733000 cold layer calls, mean 226.5 us
served 733500 cold layer calls, mean 226.6 us
served 734000 cold layer calls, mean 226.6 us
served 734500 cold layer calls, mean 226.6 us
served 735000 cold layer calls, mean 226.7 us
served 735500 cold layer calls, mean 226.7 us
served 736000 cold layer calls, mean 226.7 us
served 736500 cold layer calls, mean 226.7 us
served 737000 cold layer calls, mean 226.6 us
served 737500 cold layer calls, mean 226.5 us
served 738000 cold layer calls, mean 226.5 us
served 738500 cold layer calls, mean 226.4 us
served 739000 cold layer calls, mean 226.4 us
served 739500 cold layer calls, mean 226.3 us
served 740000 cold layer calls, mean 226.3 us
served 740500 cold layer calls, mean 226.2 us
served 741000 cold layer calls, mean 226.2 us
served 741500 cold layer calls, mean 226.2 us
served 742000 cold layer calls, mean 226.2 us
served 742500 cold layer calls, mean 226.2 us
served 743000 cold layer calls, mean 226.2 us
served 743500 cold layer calls, mean 226.2 us
served 744000 cold layer calls, mean 226.2 us
served 744500 cold layer calls, mean 226.2 us
served 745000 cold layer calls, mean 226.2 us
served 745500 cold layer calls, mean 226.1 us
served 746000 cold layer calls, mean 226.1 us
served 746500 cold layer calls, mean 226.1 us
served 747000 cold layer calls, mean 226.1 us
served 747500 cold layer calls, mean 226.0 us
served 748000 cold layer calls, mean 226.0 us
served 748500 cold layer calls, mean 226.0 us
served 749000 cold layer calls, mean 226.1 us
served 749500 cold layer calls, mean 226.1 us
served 750000 cold layer calls, mean 226.2 us
served 750500 cold layer calls, mean 226.3 us
served 751000 cold layer calls, mean 226.3 us
served 751500 cold layer calls, mean 226.4 us
served 752000 cold layer calls, mean 226.4 us
served 752500 cold layer calls, mean 226.4 us
served 753000 cold layer calls, mean 226.4 us
served 753500 cold layer calls, mean 226.4 us
served 754000 cold layer calls, mean 226.4 us
served 754500 cold layer calls, mean 226.3 us
served 755000 cold layer calls, mean 226.3 us
served 755500 cold layer calls, mean 226.2 us
served 756000 cold layer calls, mean 226.2 us
served 756500 cold layer calls, mean 226.1 us
served 757000 cold layer calls, mean 226.1 us
served 757500 cold layer calls, mean 226.1 us
served 758000 cold layer calls, mean 226.1 us
served 758500 cold layer calls, mean 226.1 us
served 759000 cold layer calls, mean 226.1 us
served 759500 cold layer calls, mean 226.1 us
served 760000 cold layer calls, mean 226.1 us
served 760500 cold layer calls, mean 226.1 us
served 761000 cold layer calls, mean 226.0 us
served 761500 cold layer calls, mean 226.0 us
served 762000 cold layer calls, mean 226.0 us
served 762500 cold layer calls, mean 226.0 us
served 763000 cold layer calls, mean 226.0 us
served 763500 cold layer calls, mean 225.9 us
served 764000 cold layer calls, mean 225.9 us
served 764500 cold layer calls, mean 225.9 us
served 765000 cold layer calls, mean 225.9 us
served 765500 cold layer calls, mean 225.9 us
served 766000 cold layer calls, mean 225.9 us
served 766500 cold layer calls, mean 225.9 us
served 767000 cold layer calls, mean 226.0 us
served 767500 cold layer calls, mean 226.0 us
served 768000 cold layer calls, mean 226.0 us
served 768500 cold layer calls, mean 226.1 us
served 769000 cold layer calls, mean 226.1 us
served 769500 cold layer calls, mean 226.2 us
served 770000 cold layer calls, mean 226.2 us
served 770500 cold layer calls, mean 226.2 us
served 771000 cold layer calls, mean 226.2 us
served 771500 cold layer calls, mean 226.2 us
served 772000 cold layer calls, mean 226.2 us
served 772500 cold layer calls, mean 226.1 us
served 773000 cold layer calls, mean 226.1 us
served 773500 cold layer calls, mean 226.0 us
served 774000 cold layer calls, mean 226.0 us
served 774500 cold layer calls, mean 225.9 us
served 775000 cold layer calls, mean 225.9 us
served 775500 cold layer calls, mean 225.9 us
served 776000 cold layer calls, mean 225.9 us
served 776500 cold layer calls, mean 225.8 us
served 777000 cold layer calls, mean 225.8 us
served 777500 cold layer calls, mean 225.8 us
served 778000 cold layer calls, mean 225.8 us
served 778500 cold layer calls, mean 225.8 us
served 779000 cold layer calls, mean 225.8 us
served 779500 cold layer calls, mean 225.8 us
served 780000 cold layer calls, mean 225.8 us
served 780500 cold layer calls, mean 225.8 us
served 781000 cold layer calls, mean 225.8 us
served 781500 cold layer calls, mean 225.8 us
served 782000 cold layer calls, mean 225.8 us
served 782500 cold layer calls, mean 225.8 us
served 783000 cold layer calls, mean 225.8 us
served 783500 cold layer calls, mean 225.8 us
served 784000 cold layer calls, mean 225.9 us
served 784500 cold layer calls, mean 225.9 us
served 785000 cold layer calls, mean 226.0 us
served 785500 cold layer calls, mean 226.0 us
served 786000 cold layer calls, mean 226.1 us
served 786500 cold layer calls, mean 226.2 us
served 787000 cold layer calls, mean 226.2 us
served 787500 cold layer calls, mean 226.2 us
served 788000 cold layer calls, mean 226.2 us
served 788500 cold layer calls, mean 226.2 us
served 789000 cold layer calls, mean 226.2 us
served 789500 cold layer calls, mean 226.1 us
served 790000 cold layer calls, mean 226.1 us
served 790500 cold layer calls, mean 226.0 us
served 791000 cold layer calls, mean 226.0 us
served 791500 cold layer calls, mean 225.9 us
served 792000 cold layer calls, mean 225.9 us
served 792500 cold layer calls, mean 225.8 us
served 793000 cold layer calls, mean 225.8 us
served 793500 cold layer calls, mean 225.8 us
served 794000 cold layer calls, mean 225.8 us
served 794500 cold layer calls, mean 225.8 us
served 795000 cold layer calls, mean 225.8 us
served 795500 cold layer calls, mean 225.8 us
served 796000 cold layer calls, mean 225.7 us
served 796500 cold layer calls, mean 225.7 us
served 797000 cold layer calls, mean 225.7 us
served 797500 cold layer calls, mean 225.7 us
served 798000 cold layer calls, mean 225.7 us
served 798500 cold layer calls, mean 225.7 us
served 799000 cold layer calls, mean 225.8 us
served 799500 cold layer calls, mean 225.8 us
served 800000 cold layer calls, mean 225.8 us
served 800500 cold layer calls, mean 225.8 us
served 801000 cold layer calls, mean 225.9 us
served 801500 cold layer calls, mean 225.9 us
served 802000 cold layer calls, mean 226.0 us
served 802500 cold layer calls, mean 226.0 us
served 803000 cold layer calls, mean 226.0 us
served 803500 cold layer calls, mean 226.1 us
served 804000 cold layer calls, mean 226.1 us
served 804500 cold layer calls, mean 226.1 us
served 805000 cold layer calls, mean 226.2 us
served 805500 cold layer calls, mean 226.2 us
served 806000 cold layer calls, mean 226.2 us
served 806500 cold layer calls, mean 226.3 us
served 807000 cold layer calls, mean 226.2 us
served 807500 cold layer calls, mean 226.2 us
served 808000 cold layer calls, mean 226.1 us
served 808500 cold layer calls, mean 226.0 us
served 809000 cold layer calls, mean 225.9 us
served 809500 cold layer calls, mean 225.8 us
served 810000 cold layer calls, mean 225.7 us
served 810500 cold layer calls, mean 225.6 us
served 811000 cold layer calls, mean 225.5 us
served 811500 cold layer calls, mean 225.5 us
served 812000 cold layer calls, mean 225.4 us
served 812500 cold layer calls, mean 225.3 us
served 813000 cold layer calls, mean 225.3 us
served 813500 cold layer calls, mean 225.2 us
served 814000 cold layer calls, mean 225.2 us
served 814500 cold layer calls, mean 225.1 us
served 815000 cold layer calls, mean 225.1 us
served 815500 cold layer calls, mean 225.0 us
served 816000 cold layer calls, mean 225.0 us
served 816500 cold layer calls, mean 224.9 us
served 817000 cold layer calls, mean 224.9 us
served 817500 cold layer calls, mean 224.8 us
served 818000 cold layer calls, mean 224.7 us
served 818500 cold layer calls, mean 224.6 us
served 819000 cold layer calls, mean 224.5 us
served 819500 cold layer calls, mean 224.4 us
served 820000 cold layer calls, mean 224.4 us
served 820500 cold layer calls, mean 224.3 us
served 821000 cold layer calls, mean 224.2 us
served 821500 cold layer calls, mean 224.1 us
served 822000 cold layer calls, mean 224.0 us
served 822500 cold layer calls, mean 224.0 us
served 823000 cold layer calls, mean 223.9 us
served 823500 cold layer calls, mean 223.8 us
served 824000 cold layer calls, mean 223.8 us
served 824500 cold layer calls, mean 223.7 us
served 825000 cold layer calls, mean 223.6 us
served 825500 cold layer calls, mean 223.6 us
served 826000 cold layer calls, mean 223.5 us
served 826500 cold layer calls, mean 223.5 us
served 827000 cold layer calls, mean 223.4 us
served 827500 cold layer calls, mean 223.4 us
served 828000 cold layer calls, mean 223.3 us
served 828500 cold layer calls, mean 223.3 us
served 829000 cold layer calls, mean 223.2 us
served 829500 cold layer calls, mean 223.2 us
served 830000 cold layer calls, mean 223.1 us
served 830500 cold layer calls, mean 223.0 us
served 831000 cold layer calls, mean 222.9 us
served 831500 cold layer calls, mean 222.8 us
served 832000 cold layer calls, mean 222.7 us
served 832500 cold layer calls, mean 222.7 us
served 833000 cold layer calls, mean 222.6 us
served 833500 cold layer calls, mean 222.5 us
served 834000 cold layer calls, mean 222.4 us
served 834500 cold layer calls, mean 222.4 us
served 835000 cold layer calls, mean 222.3 us
served 835500 cold layer calls, mean 222.2 us
served 836000 cold layer calls, mean 222.2 us
served 836500 cold layer calls, mean 222.1 us
served 837000 cold layer calls, mean 222.1 us
served 837500 cold layer calls, mean 222.0 us
served 838000 cold layer calls, mean 222.0 us
served 838500 cold layer calls, mean 221.9 us
served 839000 cold layer calls, mean 221.9 us
served 839500 cold layer calls, mean 221.8 us
served 840000 cold layer calls, mean 221.8 us
served 840500 cold layer calls, mean 221.7 us
served 841000 cold layer calls, mean 221.6 us
served 841500 cold layer calls, mean 221.5 us
served 842000 cold layer calls, mean 221.4 us
served 842500 cold layer calls, mean 221.4 us
served 843000 cold layer calls, mean 221.3 us
served 843500 cold layer calls, mean 221.2 us
served 844000 cold layer calls, mean 221.2 us
served 844500 cold layer calls, mean 221.1 us
served 845000 cold layer calls, mean 221.0 us
served 845500 cold layer calls, mean 221.0 us
served 846000 cold layer calls, mean 220.9 us
served 846500 cold layer calls, mean 220.8 us
served 847000 cold layer calls, mean 220.8 us
served 847500 cold layer calls, mean 220.7 us
served 848000 cold layer calls, mean 220.6 us
served 848500 cold layer calls, mean 220.6 us
served 849000 cold layer calls, mean 220.5 us
served 849500 cold layer calls, mean 220.5 us
served 850000 cold layer calls, mean 220.5 us
served 850500 cold layer calls, mean 220.4 us
served 851000 cold layer calls, mean 220.4 us
served 851500 cold layer calls, mean 220.3 us
served 852000 cold layer calls, mean 220.2 us
served 852500 cold layer calls, mean 220.1 us
served 853000 cold layer calls, mean 220.0 us
served 853500 cold layer calls, mean 219.9 us
served 854000 cold layer calls, mean 219.9 us
served 854500 cold layer calls, mean 219.8 us
served 855000 cold layer calls, mean 219.7 us
served 855500 cold layer calls, mean 219.7 us
served 856000 cold layer calls, mean 219.6 us
served 856500 cold layer calls, mean 219.6 us
served 857000 cold layer calls, mean 219.6 us
served 857500 cold layer calls, mean 219.5 us
served 858000 cold layer calls, mean 219.4 us
served 858500 cold layer calls, mean 219.4 us
served 859000 cold layer calls, mean 219.3 us
served 859500 cold layer calls, mean 219.2 us
served 860000 cold layer calls, mean 219.2 us
served 860500 cold layer calls, mean 219.1 us
served 861000 cold layer calls, mean 219.0 us
served 861500 cold layer calls, mean 218.9 us
served 862000 cold layer calls, mean 218.9 us
served 862500 cold layer calls, mean 218.8 us
served 863000 cold layer calls, mean 218.7 us
served 863500 cold layer calls, mean 218.6 us
served 864000 cold layer calls, mean 218.5 us
served 864500 cold layer calls, mean 218.5 us
served 865000 cold layer calls, mean 218.4 us
served 865500 cold layer calls, mean 218.3 us
served 866000 cold layer calls, mean 218.3 us
served 866500 cold layer calls, mean 218.2 us
served 867000 cold layer calls, mean 218.2 us
served 867500 cold layer calls, mean 218.1 us
served 868000 cold layer calls, mean 218.1 us
served 868500 cold layer calls, mean 218.1 us
served 869000 cold layer calls, mean 218.0 us
served 869500 cold layer calls, mean 218.0 us
served 870000 cold layer calls, mean 217.9 us
served 870500 cold layer calls, mean 217.8 us
served 871000 cold layer calls, mean 217.8 us
served 871500 cold layer calls, mean 217.7 us
served 872000 cold layer calls, mean 217.7 us
served 872500 cold layer calls, mean 217.6 us
served 873000 cold layer calls, mean 217.5 us
served 873500 cold layer calls, mean 217.4 us
served 874000 cold layer calls, mean 217.4 us
served 874500 cold layer calls, mean 217.3 us
served 875000 cold layer calls, mean 217.2 us
served 875500 cold layer calls, mean 217.1 us
served 876000 cold layer calls, mean 217.1 us
served 876500 cold layer calls, mean 217.0 us
served 877000 cold layer calls, mean 217.0 us
served 877500 cold layer calls, mean 216.9 us
served 878000 cold layer calls, mean 216.9 us
served 878500 cold layer calls, mean 216.9 us
served 879000 cold layer calls, mean 216.8 us
served 879500 cold layer calls, mean 216.7 us
served 880000 cold layer calls, mean 216.7 us
served 880500 cold layer calls, mean 216.6 us
served 881000 cold layer calls, mean 216.6 us
served 881500 cold layer calls, mean 216.5 us
served 882000 cold layer calls, mean 216.4 us
served 882500 cold layer calls, mean 216.3 us
served 883000 cold layer calls, mean 216.3 us
served 883500 cold layer calls, mean 216.2 us
served 884000 cold layer calls, mean 216.1 us
served 884500 cold layer calls, mean 216.0 us
served 885000 cold layer calls, mean 216.0 us
served 885500 cold layer calls, mean 215.9 us
served 886000 cold layer calls, mean 215.9 us
served 886500 cold layer calls, mean 215.8 us
served 887000 cold layer calls, mean 215.7 us
served 887500 cold layer calls, mean 215.7 us
served 888000 cold layer calls, mean 215.6 us
served 888500 cold layer calls, mean 215.5 us
served 889000 cold layer calls, mean 215.5 us
served 889500 cold layer calls, mean 215.4 us
served 890000 cold layer calls, mean 215.4 us
served 890500 cold layer calls, mean 215.3 us
served 891000 cold layer calls, mean 215.3 us
served 891500 cold layer calls, mean 215.2 us
served 892000 cold layer calls, mean 215.2 us
served 892500 cold layer calls, mean 215.1 us
served 893000 cold layer calls, mean 215.1 us
served 893500 cold layer calls, mean 215.0 us
served 894000 cold layer calls, mean 215.0 us
served 894500 cold layer calls, mean 214.9 us
served 895000 cold layer calls, mean 214.8 us
served 895500 cold layer calls, mean 214.8 us
served 896000 cold layer calls, mean 214.7 us
served 896500 cold layer calls, mean 214.7 us
served 897000 cold layer calls, mean 214.6 us
served 897500 cold layer calls, mean 214.5 us
served 898000 cold layer calls, mean 214.5 us
served 898500 cold layer calls, mean 214.4 us
served 899000 cold layer calls, mean 214.4 us
served 899500 cold layer calls, mean 214.3 us
served 900000 cold layer calls, mean 214.3 us
served 900500 cold layer calls, mean 214.3 us
served 901000 cold layer calls, mean 214.2 us
served 901500 cold layer calls, mean 214.2 us
served 902000 cold layer calls, mean 214.1 us
served 902500 cold layer calls, mean 214.1 us
served 903000 cold layer calls, mean 214.0 us
served 903500 cold layer calls, mean 214.0 us
served 904000 cold layer calls, mean 214.0 us
served 904500 cold layer calls, mean 213.9 us
served 905000 cold layer calls, mean 213.9 us
served 905500 cold layer calls, mean 213.8 us
served 906000 cold layer calls, mean 213.7 us
served 906500 cold layer calls, mean 213.7 us
served 907000 cold layer calls, mean 213.7 us
served 907500 cold layer calls, mean 213.6 us
served 908000 cold layer calls, mean 213.6 us
served 908500 cold layer calls, mean 213.6 us
served 909000 cold layer calls, mean 213.5 us
served 909500 cold layer calls, mean 213.5 us
served 910000 cold layer calls, mean 213.5 us
served 910500 cold layer calls, mean 213.5 us
served 911000 cold layer calls, mean 213.4 us
served 911500 cold layer calls, mean 213.4 us
served 912000 cold layer calls, mean 213.4 us
served 912500 cold layer calls, mean 213.4 us
served 913000 cold layer calls, mean 213.4 us
served 913500 cold layer calls, mean 213.4 us
served 914000 cold layer calls, mean 213.4 us
served 914500 cold layer calls, mean 213.4 us
served 915000 cold layer calls, mean 213.5 us
served 915500 cold layer calls, mean 213.5 us
served 916000 cold layer calls, mean 213.4 us
served 916500 cold layer calls, mean 213.4 us
served 917000 cold layer calls, mean 213.3 us
served 917500 cold layer calls, mean 213.3 us
served 918000 cold layer calls, mean 213.2 us
served 918500 cold layer calls, mean 213.1 us
served 919000 cold layer calls, mean 213.1 us
served 919500 cold layer calls, mean 213.0 us
served 920000 cold layer calls, mean 213.0 us
served 920500 cold layer calls, mean 212.9 us
served 921000 cold layer calls, mean 212.9 us
served 921500 cold layer calls, mean 212.8 us
served 922000 cold layer calls, mean 212.8 us
served 922500 cold layer calls, mean 212.7 us
served 923000 cold layer calls, mean 212.7 us
served 923500 cold layer calls, mean 212.7 us
served 924000 cold layer calls, mean 212.7 us
served 924500 cold layer calls, mean 212.6 us
served 925000 cold layer calls, mean 212.6 us
served 925500 cold layer calls, mean 212.6 us
served 926000 cold layer calls, mean 212.6 us
served 926500 cold layer calls, mean 212.6 us
served 927000 cold layer calls, mean 212.5 us
served 927500 cold layer calls, mean 212.5 us
served 928000 cold layer calls, mean 212.5 us
served 928500 cold layer calls, mean 212.4 us
served 929000 cold layer calls, mean 212.4 us
served 929500 cold layer calls, mean 212.3 us
served 930000 cold layer calls, mean 212.3 us
served 930500 cold layer calls, mean 212.3 us
served 931000 cold layer calls, mean 212.3 us
served 931500 cold layer calls, mean 212.2 us
served 932000 cold layer calls, mean 212.2 us
served 932500 cold layer calls, mean 212.2 us
served 933000 cold layer calls, mean 212.2 us
served 933500 cold layer calls, mean 212.1 us
served 934000 cold layer calls, mean 212.1 us
served 934500 cold layer calls, mean 212.1 us
served 935000 cold layer calls, mean 212.1 us
served 935500 cold layer calls, mean 212.0 us
served 936000 cold layer calls, mean 212.0 us
served 936500 cold layer calls, mean 212.0 us
served 937000 cold layer calls, mean 212.0 us
served 937500 cold layer calls, mean 211.9 us
served 938000 cold layer calls, mean 211.9 us
served 938500 cold layer calls, mean 211.8 us
served 939000 cold layer calls, mean 211.8 us
served 939500 cold layer calls, mean 211.7 us
served 940000 cold layer calls, mean 211.6 us
served 940500 cold layer calls, mean 211.6 us
served 941000 cold layer calls, mean 211.5 us
served 941500 cold layer calls, mean 211.5 us
served 942000 cold layer calls, mean 211.4 us
served 942500 cold layer calls, mean 211.4 us
served 943000 cold layer calls, mean 211.4 us
served 943500 cold layer calls, mean 211.3 us
served 944000 cold layer calls, mean 211.3 us
served 944500 cold layer calls, mean 211.3 us
served 945000 cold layer calls, mean 211.3 us
served 945500 cold layer calls, mean 211.2 us
served 946000 cold layer calls, mean 211.2 us
served 946500 cold layer calls, mean 211.2 us
served 947000 cold layer calls, mean 211.1 us
served 947500 cold layer calls, mean 211.1 us
served 948000 cold layer calls, mean 211.1 us
served 948500 cold layer calls, mean 211.0 us
served 949000 cold layer calls, mean 211.0 us
served 949500 cold layer calls, mean 211.0 us
served 950000 cold layer calls, mean 211.0 us
served 950500 cold layer calls, mean 210.9 us
served 951000 cold layer calls, mean 210.9 us
served 951500 cold layer calls, mean 210.9 us
served 952000 cold layer calls, mean 210.9 us
served 952500 cold layer calls, mean 210.9 us
served 953000 cold layer calls, mean 210.9 us
served 953500 cold layer calls, mean 210.9 us
served 954000 cold layer calls, mean 210.9 us
served 954500 cold layer calls, mean 210.8 us
served 955000 cold layer calls, mean 210.8 us
served 955500 cold layer calls, mean 210.8 us
served 956000 cold layer calls, mean 210.8 us
served 956500 cold layer calls, mean 210.8 us
served 957000 cold layer calls, mean 210.8 us
served 957500 cold layer calls, mean 210.8 us
served 958000 cold layer calls, mean 210.8 us
served 958500 cold layer calls, mean 210.8 us
served 959000 cold layer calls, mean 210.8 us
served 959500 cold layer calls, mean 210.7 us
served 960000 cold layer calls, mean 210.7 us
served 960500 cold layer calls, mean 210.6 us
served 961000 cold layer calls, mean 210.6 us
served 961500 cold layer calls, mean 210.5 us
served 962000 cold layer calls, mean 210.4 us
served 962500 cold layer calls, mean 210.4 us
served 963000 cold layer calls, mean 210.3 us
served 963500 cold layer calls, mean 210.3 us
served 964000 cold layer calls, mean 210.2 us
served 964500 cold layer calls, mean 210.2 us
served 965000 cold layer calls, mean 210.1 us
served 965500 cold layer calls, mean 210.1 us
served 966000 cold layer calls, mean 210.1 us
served 966500 cold layer calls, mean 210.0 us
served 967000 cold layer calls, mean 210.0 us
served 967500 cold layer calls, mean 210.0 us
served 968000 cold layer calls, mean 209.9 us
served 968500 cold layer calls, mean 209.9 us
served 969000 cold layer calls, mean 209.9 us
served 969500 cold layer calls, mean 209.8 us
served 970000 cold layer calls, mean 209.8 us
served 970500 cold layer calls, mean 209.8 us
served 971000 cold layer calls, mean 209.7 us
served 971500 cold layer calls, mean 209.7 us
served 972000 cold layer calls, mean 209.7 us
served 972500 cold layer calls, mean 209.6 us
served 973000 cold layer calls, mean 209.6 us
served 973500 cold layer calls, mean 209.6 us
served 974000 cold layer calls, mean 209.5 us
served 974500 cold layer calls, mean 209.5 us
served 975000 cold layer calls, mean 209.5 us
served 975500 cold layer calls, mean 209.5 us
served 976000 cold layer calls, mean 209.4 us
served 976500 cold layer calls, mean 209.4 us
served 977000 cold layer calls, mean 209.4 us
served 977500 cold layer calls, mean 209.4 us
served 978000 cold layer calls, mean 209.4 us
served 978500 cold layer calls, mean 209.4 us
served 979000 cold layer calls, mean 209.4 us
served 979500 cold layer calls, mean 209.4 us
served 980000 cold layer calls, mean 209.4 us
served 980500 cold layer calls, mean 209.4 us
served 981000 cold layer calls, mean 209.4 us
served 981500 cold layer calls, mean 209.3 us
served 982000 cold layer calls, mean 209.3 us
served 982500 cold layer calls, mean 209.2 us
served 983000 cold layer calls, mean 209.2 us
served 983500 cold layer calls, mean 209.1 us
served 984000 cold layer calls, mean 209.1 us
served 984500 cold layer calls, mean 209.0 us
served 985000 cold layer calls, mean 208.9 us
served 985500 cold layer calls, mean 208.9 us
served 986000 cold layer calls, mean 208.8 us
served 986500 cold layer calls, mean 208.8 us
served 987000 cold layer calls, mean 208.7 us
served 987500 cold layer calls, mean 208.7 us
served 988000 cold layer calls, mean 208.6 us
served 988500 cold layer calls, mean 208.6 us
served 989000 cold layer calls, mean 208.6 us
served 989500 cold layer calls, mean 208.5 us
served 990000 cold layer calls, mean 208.5 us
served 990500 cold layer calls, mean 208.5 us
served 991000 cold layer calls, mean 208.5 us
served 991500 cold layer calls, mean 208.5 us
served 992000 cold layer calls, mean 208.4 us
served 992500 cold layer calls, mean 208.4 us
served 993000 cold layer calls, mean 208.4 us
served 993500 cold layer calls, mean 208.4 us
served 994000 cold layer calls, mean 208.4 us
served 994500 cold layer calls, mean 208.3 us
served 995000 cold layer calls, mean 208.3 us
served 995500 cold layer calls, mean 208.3 us
served 996000 cold layer calls, mean 208.3 us
served 996500 cold layer calls, mean 208.2 us
served 997000 cold layer calls, mean 208.2 us
served 997500 cold layer calls, mean 208.2 us
served 998000 cold layer calls, mean 208.2 us
served 998500 cold layer calls, mean 208.1 us
served 999000 cold layer calls, mean 208.1 us
served 999500 cold layer calls, mean 208.1 us
served 1000000 cold layer calls, mean 208.1 us
served 1000500 cold layer calls, mean 208.1 us
served 1001000 cold layer calls, mean 208.0 us
served 1001500 cold layer calls, mean 208.0 us
served 1002000 cold layer calls, mean 208.0 us
served 1002500 cold layer calls, mean 208.0 us
served 1003000 cold layer calls, mean 208.0 us
served 1003500 cold layer calls, mean 208.0 us
served 1004000 cold layer calls, mean 207.9 us
served 1004500 cold layer calls, mean 207.9 us
served 1005000 cold layer calls, mean 207.8 us
served 1005500 cold layer calls, mean 207.7 us
served 1006000 cold layer calls, mean 207.7 us
served 1006500 cold layer calls, mean 207.6 us
served 1007000 cold layer calls, mean 207.6 us
served 1007500 cold layer calls, mean 207.5 us
served 1008000 cold layer calls, mean 207.5 us
served 1008500 cold layer calls, mean 207.5 us
served 1009000 cold layer calls, mean 207.4 us
served 1009500 cold layer calls, mean 207.4 us
served 1010000 cold layer calls, mean 207.3 us
served 1010500 cold layer calls, mean 207.3 us
served 1011000 cold layer calls, mean 207.3 us
served 1011500 cold layer calls, mean 207.2 us
served 1012000 cold layer calls, mean 207.2 us
served 1012500 cold layer calls, mean 207.2 us
served 1013000 cold layer calls, mean 207.1 us
served 1013500 cold layer calls, mean 207.1 us
served 1014000 cold layer calls, mean 207.1 us
served 1014500 cold layer calls, mean 207.0 us
served 1015000 cold layer calls, mean 207.0 us
served 1015500 cold layer calls, mean 206.9 us
served 1016000 cold layer calls, mean 206.9 us
served 1016500 cold layer calls, mean 206.9 us
served 1017000 cold layer calls, mean 206.8 us
served 1017500 cold layer calls, mean 206.8 us
served 1018000 cold layer calls, mean 206.8 us
served 1018500 cold layer calls, mean 206.7 us
served 1019000 cold layer calls, mean 206.7 us
served 1019500 cold layer calls, mean 206.7 us
served 1020000 cold layer calls, mean 206.7 us
served 1020500 cold layer calls, mean 206.6 us
served 1021000 cold layer calls, mean 206.6 us
served 1021500 cold layer calls, mean 206.6 us
served 1022000 cold layer calls, mean 206.6 us
served 1022500 cold layer calls, mean 206.6 us
served 1023000 cold layer calls, mean 206.6 us
served 1023500 cold layer calls, mean 206.6 us
served 1024000 cold layer calls, mean 206.6 us
served 1024500 cold layer calls, mean 206.7 us
served 1025000 cold layer calls, mean 206.6 us
served 1025500 cold layer calls, mean 206.7 us
served 1026000 cold layer calls, mean 206.6 us
served 1026500 cold layer calls, mean 206.6 us
served 1027000 cold layer calls, mean 206.5 us
served 1027500 cold layer calls, mean 206.5 us
served 1028000 cold layer calls, mean 206.4 us
served 1028500 cold layer calls, mean 206.3 us
served 1029000 cold layer calls, mean 206.3 us
served 1029500 cold layer calls, mean 206.2 us
served 1030000 cold layer calls, mean 206.2 us
served 1030500 cold layer calls, mean 206.1 us
served 1031000 cold layer calls, mean 206.1 us
served 1031500 cold layer calls, mean 206.0 us
served 1032000 cold layer calls, mean 206.0 us
served 1032500 cold layer calls, mean 205.9 us
served 1033000 cold layer calls, mean 205.9 us
served 1033500 cold layer calls, mean 205.9 us
served 1034000 cold layer calls, mean 205.8 us
served 1034500 cold layer calls, mean 205.8 us
served 1035000 cold layer calls, mean 205.8 us
served 1035500 cold layer calls, mean 205.7 us
served 1036000 cold layer calls, mean 205.7 us
served 1036500 cold layer calls, mean 205.7 us
served 1037000 cold layer calls, mean 205.6 us
served 1037500 cold layer calls, mean 205.6 us
served 1038000 cold layer calls, mean 205.6 us
served 1038500 cold layer calls, mean 205.6 us
served 1039000 cold layer calls, mean 205.5 us
served 1039500 cold layer calls, mean 205.5 us
served 1040000 cold layer calls, mean 205.5 us
served 1040500 cold layer calls, mean 205.4 us
served 1041000 cold layer calls, mean 205.4 us
served 1041500 cold layer calls, mean 205.4 us
served 1042000 cold layer calls, mean 205.3 us
served 1042500 cold layer calls, mean 205.3 us
served 1043000 cold layer calls, mean 205.3 us
served 1043500 cold layer calls, mean 205.3 us
served 1044000 cold layer calls, mean 205.3 us
served 1044500 cold layer calls, mean 205.3 us
served 1045000 cold layer calls, mean 205.3 us
served 1045500 cold layer calls, mean 205.4 us
served 1046000 cold layer calls, mean 205.4 us
served 1046500 cold layer calls, mean 205.4 us
served 1047000 cold layer calls, mean 205.4 us
served 1047500 cold layer calls, mean 205.5 us
served 1048000 cold layer calls, mean 205.5 us
served 1048500 cold layer calls, mean 205.5 us
served 1049000 cold layer calls, mean 205.6 us
served 1049500 cold layer calls, mean 205.6 us
served 1050000 cold layer calls, mean 205.6 us
served 1050500 cold layer calls, mean 205.7 us
served 1051000 cold layer calls, mean 205.7 us
served 1051500 cold layer calls, mean 205.7 us
served 1052000 cold layer calls, mean 205.8 us
served 1052500 cold layer calls, mean 205.8 us
served 1053000 cold layer calls, mean 205.9 us
served 1053500 cold layer calls, mean 205.9 us
served 1054000 cold layer calls, mean 206.0 us
served 1054500 cold layer calls, mean 206.1 us
served 1055000 cold layer calls, mean 206.1 us
served 1055500 cold layer calls, mean 206.2 us
served 1056000 cold layer calls, mean 206.2 us
served 1056500 cold layer calls, mean 206.3 us
served 1057000 cold layer calls, mean 206.3 us
served 1057500 cold layer calls, mean 206.3 us
served 1058000 cold layer calls, mean 206.4 us
served 1058500 cold layer calls, mean 206.5 us
served 1059000 cold layer calls, mean 206.5 us
served 1059500 cold layer calls, mean 206.6 us
served 1060000 cold layer calls, mean 206.7 us
served 1060500 cold layer calls, mean 206.7 us
served 1061000 cold layer calls, mean 206.7 us
served 1061500 cold layer calls, mean 206.7 us
served 1062000 cold layer calls, mean 206.7 us
served 1062500 cold layer calls, mean 206.7 us
served 1063000 cold layer calls, mean 206.7 us
served 1063500 cold layer calls, mean 206.6 us
served 1064000 cold layer calls, mean 206.6 us
served 1064500 cold layer calls, mean 206.6 us
served 1065000 cold layer calls, mean 206.5 us
served 1065500 cold layer calls, mean 206.5 us
served 1066000 cold layer calls, mean 206.5 us
served 1066500 cold layer calls, mean 206.5 us
served 1067000 cold layer calls, mean 206.4 us
served 1067500 cold layer calls, mean 206.4 us
served 1068000 cold layer calls, mean 206.4 us
served 1068500 cold layer calls, mean 206.4 us
served 1069000 cold layer calls, mean 206.4 us
served 1069500 cold layer calls, mean 206.5 us
served 1070000 cold layer calls, mean 206.5 us
served 1070500 cold layer calls, mean 206.5 us
served 1071000 cold layer calls, mean 206.5 us
served 1071500 cold layer calls, mean 206.6 us
served 1072000 cold layer calls, mean 206.6 us
served 1072500 cold layer calls, mean 206.7 us
served 1073000 cold layer calls, mean 206.7 us
served 1073500 cold layer calls, mean 206.7 us
served 1074000 cold layer calls, mean 206.8 us
served 1074500 cold layer calls, mean 206.8 us
served 1075000 cold layer calls, mean 206.9 us
served 1075500 cold layer calls, mean 207.0 us
served 1076000 cold layer calls, mean 207.0 us
served 1076500 cold layer calls, mean 207.1 us
served 1077000 cold layer calls, mean 207.1 us
served 1077500 cold layer calls, mean 207.2 us
served 1078000 cold layer calls, mean 207.2 us
served 1078500 cold layer calls, mean 207.3 us
served 1079000 cold layer calls, mean 207.4 us
served 1079500 cold layer calls, mean 207.4 us
served 1080000 cold layer calls, mean 207.5 us
served 1080500 cold layer calls, mean 207.5 us
served 1081000 cold layer calls, mean 207.6 us
served 1081500 cold layer calls, mean 207.7 us
served 1082000 cold layer calls, mean 207.8 us
served 1082500 cold layer calls, mean 207.8 us
served 1083000 cold layer calls, mean 207.9 us
served 1083500 cold layer calls, mean 208.0 us
served 1084000 cold layer calls, mean 208.0 us
served 1084500 cold layer calls, mean 208.0 us
served 1085000 cold layer calls, mean 208.0 us
served 1085500 cold layer calls, mean 208.0 us
served 1086000 cold layer calls, mean 208.0 us
served 1086500 cold layer calls, mean 207.9 us
served 1087000 cold layer calls, mean 207.9 us
served 1087500 cold layer calls, mean 207.9 us
served 1088000 cold layer calls, mean 207.9 us
served 1088500 cold layer calls, mean 207.8 us
served 1089000 cold layer calls, mean 207.8 us
served 1089500 cold layer calls, mean 207.8 us
served 1090000 cold layer calls, mean 207.7 us
served 1090500 cold layer calls, mean 207.7 us
served 1091000 cold layer calls, mean 207.7 us
served 1091500 cold layer calls, mean 207.7 us
served 1092000 cold layer calls, mean 207.7 us
served 1092500 cold layer calls, mean 207.7 us
served 1093000 cold layer calls, mean 207.7 us
served 1093500 cold layer calls, mean 207.7 us
served 1094000 cold layer calls, mean 207.7 us
served 1094500 cold layer calls, mean 207.7 us
served 1095000 cold layer calls, mean 207.7 us
served 1095500 cold layer calls, mean 207.7 us
served 1096000 cold layer calls, mean 207.8 us
served 1096500 cold layer calls, mean 207.8 us
served 1097000 cold layer calls, mean 207.8 us
served 1097500 cold layer calls, mean 207.8 us
served 1098000 cold layer calls, mean 207.8 us
served 1098500 cold layer calls, mean 207.9 us
served 1099000 cold layer calls, mean 207.9 us
served 1099500 cold layer calls, mean 207.9 us
served 1100000 cold layer calls, mean 208.0 us
served 1100500 cold layer calls, mean 208.0 us
served 1101000 cold layer calls, mean 208.0 us
served 1101500 cold layer calls, mean 208.0 us
served 1102000 cold layer calls, mean 208.1 us
served 1102500 cold layer calls, mean 208.1 us
served 1103000 cold layer calls, mean 208.1 us
served 1103500 cold layer calls, mean 208.2 us
served 1104000 cold layer calls, mean 208.2 us
served 1104500 cold layer calls, mean 208.3 us
served 1105000 cold layer calls, mean 208.4 us
served 1105500 cold layer calls, mean 208.4 us
served 1106000 cold layer calls, mean 208.5 us
served 1106500 cold layer calls, mean 208.5 us
served 1107000 cold layer calls, mean 208.6 us
served 1107500 cold layer calls, mean 208.6 us
served 1108000 cold layer calls, mean 208.6 us
served 1108500 cold layer calls, mean 208.6 us
served 1109000 cold layer calls, mean 208.6 us
served 1109500 cold layer calls, mean 208.5 us
served 1110000 cold layer calls, mean 208.5 us
served 1110500 cold layer calls, mean 208.5 us
served 1111000 cold layer calls, mean 208.4 us
served 1111500 cold layer calls, mean 208.4 us
served 1112000 cold layer calls, mean 208.4 us
served 1112500 cold layer calls, mean 208.4 us
served 1113000 cold layer calls, mean 208.4 us
served 1113500 cold layer calls, mean 208.4 us
served 1114000 cold layer calls, mean 208.4 us
served 1114500 cold layer calls, mean 208.4 us
served 1115000 cold layer calls, mean 208.4 us
served 1115500 cold layer calls, mean 208.4 us
served 1116000 cold layer calls, mean 208.5 us
served 1116500 cold layer calls, mean 208.5 us
served 1117000 cold layer calls, mean 208.5 us
served 1117500 cold layer calls, mean 208.6 us
served 1118000 cold layer calls, mean 208.6 us
served 1118500 cold layer calls, mean 208.6 us
served 1119000 cold layer calls, mean 208.7 us
served 1119500 cold layer calls, mean 208.7 us
served 1120000 cold layer calls, mean 208.7 us
served 1120500 cold layer calls, mean 208.8 us
served 1121000 cold layer calls, mean 208.8 us
served 1121500 cold layer calls, mean 208.9 us
served 1122000 cold layer calls, mean 208.9 us
served 1122500 cold layer calls, mean 209.0 us
served 1123000 cold layer calls, mean 209.0 us
served 1123500 cold layer calls, mean 209.0 us
served 1124000 cold layer calls, mean 209.1 us
served 1124500 cold layer calls, mean 209.1 us
served 1125000 cold layer calls, mean 209.1 us
served 1125500 cold layer calls, mean 209.2 us
served 1126000 cold layer calls, mean 209.2 us
served 1126500 cold layer calls, mean 209.3 us
served 1127000 cold layer calls, mean 209.4 us
served 1127500 cold layer calls, mean 209.4 us
served 1128000 cold layer calls, mean 209.5 us
served 1128500 cold layer calls, mean 209.6 us
served 1129000 cold layer calls, mean 209.6 us
served 1129500 cold layer calls, mean 209.7 us
served 1130000 cold layer calls, mean 209.7 us
served 1130500 cold layer calls, mean 209.8 us
served 1131000 cold layer calls, mean 209.7 us
served 1131500 cold layer calls, mean 209.7 us
served 1132000 cold layer calls, mean 209.7 us
served 1132500 cold layer calls, mean 209.6 us
served 1133000 cold layer calls, mean 209.6 us
served 1133500 cold layer calls, mean 209.6 us
served 1134000 cold layer calls, mean 209.6 us
served 1134500 cold layer calls, mean 209.5 us
served 1135000 cold layer calls, mean 209.5 us
served 1135500 cold layer calls, mean 209.5 us
served 1136000 cold layer calls, mean 209.5 us
served 1136500 cold layer calls, mean 209.5 us
served 1137000 cold layer calls, mean 209.5 us
served 1137500 cold layer calls, mean 209.5 us
served 1138000 cold layer calls, mean 209.5 us
served 1138500 cold layer calls, mean 209.5 us
served 1139000 cold layer calls, mean 209.6 us
served 1139500 cold layer calls, mean 209.6 us
served 1140000 cold layer calls, mean 209.6 us
served 1140500 cold layer calls, mean 209.6 us
served 1141000 cold layer calls, mean 209.7 us
served 1141500 cold layer calls, mean 209.7 us
served 1142000 cold layer calls, mean 209.7 us
served 1142500 cold layer calls, mean 209.8 us
served 1143000 cold layer calls, mean 209.8 us
served 1143500 cold layer calls, mean 209.8 us
served 1144000 cold layer calls, mean 209.8 us
served 1144500 cold layer calls, mean 209.9 us
served 1145000 cold layer calls, mean 209.9 us
served 1145500 cold layer calls, mean 209.9 us
served 1146000 cold layer calls, mean 210.0 us
served 1146500 cold layer calls, mean 210.0 us
served 1147000 cold layer calls, mean 210.1 us
served 1147500 cold layer calls, mean 210.1 us
served 1148000 cold layer calls, mean 210.2 us
served 1148500 cold layer calls, mean 210.2 us
served 1149000 cold layer calls, mean 210.3 us
served 1149500 cold layer calls, mean 210.3 us
served 1150000 cold layer calls, mean 210.3 us
served 1150500 cold layer calls, mean 210.4 us
served 1151000 cold layer calls, mean 210.5 us
served 1151500 cold layer calls, mean 210.5 us
served 1152000 cold layer calls, mean 210.6 us
served 1152500 cold layer calls, mean 210.6 us
served 1153000 cold layer calls, mean 210.6 us
served 1153500 cold layer calls, mean 210.6 us
served 1154000 cold layer calls, mean 210.6 us
served 1154500 cold layer calls, mean 210.6 us
served 1155000 cold layer calls, mean 210.6 us
served 1155500 cold layer calls, mean 210.6 us
served 1156000 cold layer calls, mean 210.5 us
served 1156500 cold layer calls, mean 210.5 us
served 1157000 cold layer calls, mean 210.5 us
served 1157500 cold layer calls, mean 210.4 us
served 1158000 cold layer calls, mean 210.4 us
served 1158500 cold layer calls, mean 210.4 us
served 1159000 cold layer calls, mean 210.4 us
served 1159500 cold layer calls, mean 210.4 us
served 1160000 cold layer calls, mean 210.4 us
served 1160500 cold layer calls, mean 210.4 us
served 1161000 cold layer calls, mean 210.4 us
served 1161500 cold layer calls, mean 210.4 us
served 1162000 cold layer calls, mean 210.5 us
served 1162500 cold layer calls, mean 210.5 us
served 1163000 cold layer calls, mean 210.5 us
served 1163500 cold layer calls, mean 210.6 us
served 1164000 cold layer calls, mean 210.6 us
served 1164500 cold layer calls, mean 210.6 us
served 1165000 cold layer calls, mean 210.7 us
served 1165500 cold layer calls, mean 210.7 us
served 1166000 cold layer calls, mean 210.7 us
served 1166500 cold layer calls, mean 210.8 us
served 1167000 cold layer calls, mean 210.8 us
served 1167500 cold layer calls, mean 210.8 us
served 1168000 cold layer calls, mean 210.8 us
served 1168500 cold layer calls, mean 210.8 us
served 1169000 cold layer calls, mean 210.8 us
served 1169500 cold layer calls, mean 210.9 us
served 1170000 cold layer calls, mean 210.9 us
served 1170500 cold layer calls, mean 210.9 us
served 1171000 cold layer calls, mean 210.9 us
served 1171500 cold layer calls, mean 211.0 us
served 1172000 cold layer calls, mean 211.0 us
served 1172500 cold layer calls, mean 211.0 us
served 1173000 cold layer calls, mean 211.0 us
served 1173500 cold layer calls, mean 211.1 us
served 1174000 cold layer calls, mean 211.1 us
served 1174500 cold layer calls, mean 211.2 us
served 1175000 cold layer calls, mean 211.2 us
served 1175500 cold layer calls, mean 211.2 us
served 1176000 cold layer calls, mean 211.3 us
served 1176500 cold layer calls, mean 211.3 us
served 1177000 cold layer calls, mean 211.3 us
served 1177500 cold layer calls, mean 211.2 us
served 1178000 cold layer calls, mean 211.2 us
served 1178500 cold layer calls, mean 211.1 us
served 1179000 cold layer calls, mean 211.1 us
served 1179500 cold layer calls, mean 211.0 us
served 1180000 cold layer calls, mean 211.0 us
served 1180500 cold layer calls, mean 210.9 us
served 1181000 cold layer calls, mean 210.9 us
served 1181500 cold layer calls, mean 210.8 us
served 1182000 cold layer calls, mean 210.7 us
served 1182500 cold layer calls, mean 210.7 us
served 1183000 cold layer calls, mean 210.6 us
served 1183500 cold layer calls, mean 210.6 us
served 1184000 cold layer calls, mean 210.5 us
served 1184500 cold layer calls, mean 210.5 us
served 1185000 cold layer calls, mean 210.4 us
served 1185500 cold layer calls, mean 210.4 us
served 1186000 cold layer calls, mean 210.4 us
served 1186500 cold layer calls, mean 210.5 us
served 1187000 cold layer calls, mean 210.5 us
served 1187500 cold layer calls, mean 210.5 us
served 1188000 cold layer calls, mean 210.5 us
served 1188500 cold layer calls, mean 210.5 us
served 1189000 cold layer calls, mean 210.5 us
served 1189500 cold layer calls, mean 210.5 us
served 1190000 cold layer calls, mean 210.5 us
served 1190500 cold layer calls, mean 210.5 us
served 1191000 cold layer calls, mean 210.5 us
served 1191500 cold layer calls, mean 210.6 us
served 1192000 cold layer calls, mean 210.6 us
served 1192500 cold layer calls, mean 210.7 us
served 1193000 cold layer calls, mean 210.8 us
served 1193500 cold layer calls, mean 210.9 us
served 1194000 cold layer calls, mean 211.0 us
served 1194500 cold layer calls, mean 211.1 us
served 1195000 cold layer calls, mean 211.2 us
served 1195500 cold layer calls, mean 211.3 us
served 1196000 cold layer calls, mean 211.5 us
served 1196500 cold layer calls, mean 211.6 us
served 1197000 cold layer calls, mean 211.7 us
served 1197500 cold layer calls, mean 211.8 us
served 1198000 cold layer calls, mean 212.0 us
served 1198500 cold layer calls, mean 212.1 us
served 1199000 cold layer calls, mean 212.2 us
served 1199500 cold layer calls, mean 212.4 us
served 1200000 cold layer calls, mean 212.5 us
served 1200500 cold layer calls, mean 212.6 us
served 1201000 cold layer calls, mean 212.8 us
served 1201500 cold layer calls, mean 212.9 us
served 1202000 cold layer calls, mean 213.1 us
served 1202500 cold layer calls, mean 213.2 us
served 1203000 cold layer calls, mean 213.4 us
served 1203500 cold layer calls, mean 213.6 us
served 1204000 cold layer calls, mean 213.7 us
served 1204500 cold layer calls, mean 213.9 us
served 1205000 cold layer calls, mean 214.1 us
served 1205500 cold layer calls, mean 214.3 us
served 1206000 cold layer calls, mean 214.5 us
served 1206500 cold layer calls, mean 214.7 us
served 1207000 cold layer calls, mean 214.9 us
served 1207500 cold layer calls, mean 215.1 us
served 1208000 cold layer calls, mean 215.3 us
served 1208500 cold layer calls, mean 215.5 us
served 1209000 cold layer calls, mean 215.7 us
served 1209500 cold layer calls, mean 215.7 us
served 1210000 cold layer calls, mean 215.7 us
served 1210500 cold layer calls, mean 215.8 us
served 1211000 cold layer calls, mean 215.8 us
served 1211500 cold layer calls, mean 215.8 us
served 1212000 cold layer calls, mean 215.8 us
served 1212500 cold layer calls, mean 215.8 us
served 1213000 cold layer calls, mean 215.8 us
served 1213500 cold layer calls, mean 215.8 us
served 1214000 cold layer calls, mean 215.8 us
served 1214500 cold layer calls, mean 215.9 us
served 1215000 cold layer calls, mean 215.9 us
served 1215500 cold layer calls, mean 215.9 us
served 1216000 cold layer calls, mean 215.9 us
served 1216500 cold layer calls, mean 216.0 us
served 1217000 cold layer calls, mean 216.0 us
served 1217500 cold layer calls, mean 216.1 us
served 1218000 cold layer calls, mean 216.1 us
served 1218500 cold layer calls, mean 216.2 us
served 1219000 cold layer calls, mean 216.2 us
served 1219500 cold layer calls, mean 216.3 us
served 1220000 cold layer calls, mean 216.4 us
served 1220500 cold layer calls, mean 216.4 us
served 1221000 cold layer calls, mean 216.5 us
served 1221500 cold layer calls, mean 216.6 us
served 1222000 cold layer calls, mean 216.7 us
served 1222500 cold layer calls, mean 216.8 us
served 1223000 cold layer calls, mean 216.9 us
served 1223500 cold layer calls, mean 217.0 us
served 1224000 cold layer calls, mean 217.1 us
served 1224500 cold layer calls, mean 217.2 us
served 1225000 cold layer calls, mean 217.3 us
served 1225500 cold layer calls, mean 217.4 us
served 1226000 cold layer calls, mean 217.6 us
served 1226500 cold layer calls, mean 217.7 us
served 1227000 cold layer calls, mean 217.9 us
served 1227500 cold layer calls, mean 218.0 us
served 1228000 cold layer calls, mean 218.2 us
served 1228500 cold layer calls, mean 218.3 us
served 1229000 cold layer calls, mean 218.5 us
served 1229500 cold layer calls, mean 218.7 us
served 1230000 cold layer calls, mean 218.8 us
served 1230500 cold layer calls, mean 219.0 us
served 1231000 cold layer calls, mean 219.2 us
served 1231500 cold layer calls, mean 219.3 us
served 1232000 cold layer calls, mean 219.5 us
served 1232500 cold layer calls, mean 219.7 us
served 1233000 cold layer calls, mean 219.8 us
served 1233500 cold layer calls, mean 219.8 us
served 1234000 cold layer calls, mean 219.8 us
served 1234500 cold layer calls, mean 219.8 us
served 1235000 cold layer calls, mean 219.8 us
served 1235500 cold layer calls, mean 219.8 us
served 1236000 cold layer calls, mean 219.9 us
served 1236500 cold layer calls, mean 219.8 us
served 1237000 cold layer calls, mean 219.9 us
served 1237500 cold layer calls, mean 219.9 us
served 1238000 cold layer calls, mean 219.9 us
served 1238500 cold layer calls, mean 219.9 us
served 1239000 cold layer calls, mean 220.0 us
served 1239500 cold layer calls, mean 220.0 us
served 1240000 cold layer calls, mean 220.1 us
served 1240500 cold layer calls, mean 220.1 us
served 1241000 cold layer calls, mean 220.2 us
served 1241500 cold layer calls, mean 220.4 us
served 1242000 cold layer calls, mean 220.5 us
served 1242500 cold layer calls, mean 220.6 us
served 1243000 cold layer calls, mean 220.7 us
served 1243500 cold layer calls, mean 220.9 us
served 1244000 cold layer calls, mean 221.0 us
served 1244500 cold layer calls, mean 221.1 us
served 1245000 cold layer calls, mean 221.2 us
served 1245500 cold layer calls, mean 221.3 us
served 1246000 cold layer calls, mean 221.4 us
served 1246500 cold layer calls, mean 221.5 us
served 1247000 cold layer calls, mean 221.6 us
served 1247500 cold layer calls, mean 221.7 us
served 1248000 cold layer calls, mean 221.8 us
served 1248500 cold layer calls, mean 221.9 us
served 1249000 cold layer calls, mean 222.0 us
served 1249500 cold layer calls, mean 222.1 us
served 1250000 cold layer calls, mean 222.3 us
served 1250500 cold layer calls, mean 222.4 us
served 1251000 cold layer calls, mean 222.6 us
served 1251500 cold layer calls, mean 222.7 us
served 1252000 cold layer calls, mean 222.8 us
served 1252500 cold layer calls, mean 223.0 us
served 1253000 cold layer calls, mean 223.1 us
served 1253500 cold layer calls, mean 223.3 us
served 1254000 cold layer calls, mean 223.5 us
served 1254500 cold layer calls, mean 223.6 us
served 1255000 cold layer calls, mean 223.8 us
served 1255500 cold layer calls, mean 224.0 us
served 1256000 cold layer calls, mean 224.1 us
served 1256500 cold layer calls, mean 224.1 us
served 1257000 cold layer calls, mean 224.1 us
served 1257500 cold layer calls, mean 224.1 us
served 1258000 cold layer calls, mean 224.1 us
served 1258500 cold layer calls, mean 224.1 us
served 1259000 cold layer calls, mean 224.1 us
served 1259500 cold layer calls, mean 224.1 us
served 1260000 cold layer calls, mean 224.1 us
served 1260500 cold layer calls, mean 224.1 us
served 1261000 cold layer calls, mean 224.2 us
served 1261500 cold layer calls, mean 224.2 us
served 1262000 cold layer calls, mean 224.2 us
served 1262500 cold layer calls, mean 224.3 us
served 1263000 cold layer calls, mean 224.4 us
served 1263500 cold layer calls, mean 224.4 us
served 1264000 cold layer calls, mean 224.5 us
served 1264500 cold layer calls, mean 224.6 us
served 1265000 cold layer calls, mean 224.7 us
served 1265500 cold layer calls, mean 224.7 us
served 1266000 cold layer calls, mean 224.8 us
served 1266500 cold layer calls, mean 224.9 us
served 1267000 cold layer calls, mean 225.0 us
served 1267500 cold layer calls, mean 225.1 us
served 1268000 cold layer calls, mean 225.2 us
served 1268500 cold layer calls, mean 225.3 us
served 1269000 cold layer calls, mean 225.4 us
served 1269500 cold layer calls, mean 225.5 us
served 1270000 cold layer calls, mean 225.7 us
served 1270500 cold layer calls, mean 225.8 us
served 1271000 cold layer calls, mean 225.9 us
served 1271500 cold layer calls, mean 226.1 us
served 1272000 cold layer calls, mean 226.2 us
served 1272500 cold layer calls, mean 226.3 us
served 1273000 cold layer calls, mean 226.5 us
served 1273500 cold layer calls, mean 226.6 us
served 1274000 cold layer calls, mean 226.7 us
served 1274500 cold layer calls, mean 226.9 us
served 1275000 cold layer calls, mean 227.0 us
served 1275500 cold layer calls, mean 227.2 us
served 1276000 cold layer calls, mean 227.3 us
served 1276500 cold layer calls, mean 227.5 us
served 1277000 cold layer calls, mean 227.7 us
served 1277500 cold layer calls, mean 227.9 us
served 1278000 cold layer calls, mean 228.0 us
served 1278500 cold layer calls, mean 228.2 us
served 1279000 cold layer calls, mean 228.3 us
served 1279500 cold layer calls, mean 228.3 us
served 1280000 cold layer calls, mean 228.3 us
served 1280500 cold layer calls, mean 228.3 us
served 1281000 cold layer calls, mean 228.3 us
served 1281500 cold layer calls, mean 228.3 us
served 1282000 cold layer calls, mean 228.3 us
served 1282500 cold layer calls, mean 228.3 us
served 1283000 cold layer calls, mean 228.3 us
served 1283500 cold layer calls, mean 228.3 us
served 1284000 cold layer calls, mean 228.3 us
served 1284500 cold layer calls, mean 228.4 us
served 1285000 cold layer calls, mean 228.4 us
served 1285500 cold layer calls, mean 228.5 us
served 1286000 cold layer calls, mean 228.5 us
served 1286500 cold layer calls, mean 228.7 us
served 1287000 cold layer calls, mean 228.8 us
served 1287500 cold layer calls, mean 228.9 us
served 1288000 cold layer calls, mean 229.0 us
served 1288500 cold layer calls, mean 229.1 us
served 1289000 cold layer calls, mean 229.2 us
served 1289500 cold layer calls, mean 229.3 us
served 1290000 cold layer calls, mean 229.4 us
served 1290500 cold layer calls, mean 229.5 us
served 1291000 cold layer calls, mean 229.6 us
served 1291500 cold layer calls, mean 229.7 us
served 1292000 cold layer calls, mean 229.8 us
served 1292500 cold layer calls, mean 229.9 us
served 1293000 cold layer calls, mean 230.0 us
served 1293500 cold layer calls, mean 230.1 us
served 1294000 cold layer calls, mean 230.2 us
served 1294500 cold layer calls, mean 230.4 us
served 1295000 cold layer calls, mean 230.5 us
served 1295500 cold layer calls, mean 230.6 us
served 1296000 cold layer calls, mean 230.7 us
served 1296500 cold layer calls, mean 230.9 us
served 1297000 cold layer calls, mean 231.0 us
served 1297500 cold layer calls, mean 231.1 us
served 1298000 cold layer calls, mean 231.3 us
served 1298500 cold layer calls, mean 231.4 us
served 1299000 cold layer calls, mean 231.6 us
served 1299500 cold layer calls, mean 231.8 us
served 1300000 cold layer calls, mean 231.9 us
served 1300500 cold layer calls, mean 232.1 us
served 1301000 cold layer calls, mean 232.3 us
served 1301500 cold layer calls, mean 232.5 us
served 1302000 cold layer calls, mean 232.5 us
served 1302500 cold layer calls, mean 232.5 us
served 1303000 cold layer calls, mean 232.5 us
served 1303500 cold layer calls, mean 232.5 us
served 1304000 cold layer calls, mean 232.5 us
served 1304500 cold layer calls, mean 232.5 us
served 1305000 cold layer calls, mean 232.5 us
served 1305500 cold layer calls, mean 232.5 us
served 1306000 cold layer calls, mean 232.5 us
served 1306500 cold layer calls, mean 232.5 us
served 1307000 cold layer calls, mean 232.6 us
served 1307500 cold layer calls, mean 232.6 us
served 1308000 cold layer calls, mean 232.6 us
served 1308500 cold layer calls, mean 232.7 us
served 1309000 cold layer calls, mean 232.7 us
served 1309500 cold layer calls, mean 232.8 us
served 1310000 cold layer calls, mean 232.9 us
served 1310500 cold layer calls, mean 233.0 us
served 1311000 cold layer calls, mean 233.1 us
served 1311500 cold layer calls, mean 233.2 us
served 1312000 cold layer calls, mean 233.3 us
served 1312500 cold layer calls, mean 233.4 us
served 1313000 cold layer calls, mean 233.5 us
served 1313500 cold layer calls, mean 233.6 us
served 1314000 cold layer calls, mean 233.7 us
served 1314500 cold layer calls, mean 233.8 us
served 1315000 cold layer calls, mean 233.9 us
served 1315500 cold layer calls, mean 234.0 us
served 1316000 cold layer calls, mean 234.2 us
served 1316500 cold layer calls, mean 234.3 us
served 1317000 cold layer calls, mean 234.4 us
served 1317500 cold layer calls, mean 234.5 us
served 1318000 cold layer calls, mean 234.7 us
served 1318500 cold layer calls, mean 234.8 us
served 1319000 cold layer calls, mean 234.9 us
served 1319500 cold layer calls, mean 235.1 us
served 1320000 cold layer calls, mean 235.2 us
served 1320500 cold layer calls, mean 235.4 us
served 1321000 cold layer calls, mean 235.5 us
served 1321500 cold layer calls, mean 235.7 us
served 1322000 cold layer calls, mean 235.9 us
served 1322500 cold layer calls, mean 236.0 us
served 1323000 cold layer calls, mean 236.2 us
served 1323500 cold layer calls, mean 236.3 us
served 1324000 cold layer calls, mean 236.5 us
served 1324500 cold layer calls, mean 236.6 us
served 1325000 cold layer calls, mean 236.6 us
served 1325500 cold layer calls, mean 236.6 us
